Tutoriais/ Processos - Mottivados Team,,,,,,,,,,,,,,,,,,,,,,,,
"Cronograma de Onboarding, implementa√ß√£o, controle de m√©tricas e solicita√ß√µes de pedidos.",,,,,,,,,,,,,,,,,,,,,,,,
,,,,,,,,,,,,,,,,,,,,,,,,
Tutoriais e Processos Gerais,,,,,,,,,,,,,,,,,,,,,,,,
Name,Pessoas,link to 0. Job Description - benchmarking,Espelho,Link com Tutoriais,Link de Arquivos/P√°gina,Subitems,Cronograma - Start,Cronograma - End,Status. Tutoriais,Status no Mentorfy,Status Arquivos do Processo,Time,Monitoramento de Progresso,"Sugest√µes, crit√≠cas e elogios",Quem deve assistir?,Configura√ß√£o para:,√öltima atualiza√ß√£o,Tempo estimado (h),O que se espera aprender?,Observa√ß√£o,Categoria,Link com Tutoriais - loom,link to Templates de Mensagens,Item ID (auto generated)
Primeiras Configura√ß√µes do CRM üöÄ,,,,2. Primeiras Configura√ß√µes do CRM üöÄ - https://www.loom.com/share/f790fdec59974542ab3c98f6c908505a?sid=20b71861-7db0-4056-a8f1-c92e9885faed,,,,,Conclu√≠do,Mentorfy,,,100%,,,,"Marcos Daniel abr 17, 2025 14:08",,,,,,,8874737618
Como acessar links do One Password üîó,,,,Como acessar links do One Password üîó - https://www.loom.com/share/8b7c126aa0784250864420952dd6a9aa?sid=c0085051-5e3b-480b-b12e-b2e8c34dda0f,,,,,Conclu√≠do,Mentorfy,,,100%,,Todos,,"Marcos Daniel abr 17, 2025 14:11",,,,,,,8874613392
Como Criar Filtros no Chats do CRM - Parte 1  üìä,,,,Como Criar Filtros no Chats do CRM - Parte 1 - https://www.loom.com/share/c7eed6793c24484ab795649f451b374b?sid=e8ead466-2dc4-4f4a-b585-d0b1d6e44f5d,,,,,Conclu√≠do,Mentorfy,,,100%,,Social Seller,,"Marcos Daniel abr 17, 2025 14:08",,,,,,,8880985052
Criando filtros na Pipeline,,,,Criando Filtros na Pipeline üöÄ - https://www.loom.com/share/8d9ad5753c6e4c5db9b2b0aa26f7e4f1?sid=774f4fcd-bb19-4bd4-84ba-1a908363e8e0,,,,,Conclu√≠do,Mentorfy,,,100%,,Social Seller,,"Marcos Daniel abr 17, 2025 14:16",,,,,,,8886311562
Como Criar Filtros no Chats do CRM - Parte 2  üìä,,,,Criando Filtros no Chats - Parte 2 üìä - https://www.loom.com/share/bc11c75738374a5cb520ef20703502ed?sid=77ccd0d0-4ff9-40d7-b6ab-b533169189bc,,,,,Conclu√≠do,Mentorfy,,,100%,,Social Seller,,"Marcos Daniel abr 17, 2025 14:08",,,,,,,8881020591
Objetivos da Etapa FUP- [RESP1] e Etapa 2,,,,Objetivos da etapa 0 na pr√°tica - BPOSS - https://www.loom.com/share/039e43c78dcd4255bf0d71f0b28fbf9e?sid=fa48e2ee-3ff9-4a13-9623-d32b9af89a4e,,,,,Conclu√≠do,Mentorfy,,,100%,,Social Seller,,"Marcos Daniel abr 17, 2025 14:20",,,,,,,8886641456
Objetivo da etapa 1 - follow up,,,,Objetivo do follow up na etapa 1 - https://www.loom.com/share/21b478bb8cf84afea93d3839fb33e00f?sid=5a0837fa-ef84-43f9-a530-b15b4e12a5a9,,,,,Conclu√≠do,Mentorfy,,,100%,,Social Seller,,"Marcos Daniel abr 17, 2025 14:21",,,,,,,8901461180
Objetivos da etapa fup 2 na pr√°tica,,,,Objetivos da Etapa FUP2 e 3 - https://www.loom.com/share/be488d1ade2f469fbe04b814f8a20cc2?sid=35824b5c-9d81-4715-909f-506ddeae42c0,,,,,Conclu√≠do,Youtube,,,100%,,,,"Marcos Daniel abr 17, 2025 14:34",,,,,,,8901477615
Objetivos da etapa fup 3 na pr√°tica,,,,"Objetivos da Etapa FUP3, ETAPA 4 e FUP4 - https://www.loom.com/share/0e2d5df5cbf046f4a040226f2f1058a1?sid=fed17673-ad97-4c5a-bc78-b9f5422c31b6",,,,,Conclu√≠do,Youtube,,,100%,,,,"Marcos Daniel abr 17, 2025 14:09",,,,,,,8901478497
Objetivos da etapa fup 4 na pr√°tica,,,,"Objetivos da Etapa FUP3, ETAPA 4 e FUP4 - https://www.loom.com/share/0e2d5df5cbf046f4a040226f2f1058a1?sid=fed17673-ad97-4c5a-bc78-b9f5422c31b6",,,,,Conclu√≠do,Youtube,,,100%,,,,"Marcos Daniel abr 17, 2025 14:09",,,,,,,8901479217
Objetivos das Etapas do FUnil,,,,Objetivos das Etapas do Funil - https://www.loom.com/share/fb32c67cbf3d4264850fdab3fd2aef93?sid=5f90901e-820b-4b71-9899-8660fb6d4fed,,,,,Conclu√≠do,Mentorfy,,,100%,,Social Seller,,"Marcos Daniel abr 17, 2025 14:35",,,,,,,8886315090
Rotina do Social Seller 1,,,,Rotina do Social Seller 1 - https://www.loom.com/share/fdf75253ee214a6483a7be321596c44f?sid=0d085dd5-71d1-403e-9763-7d55c08b0d9a,Google Docs - https://docs.google.com/spreadsheets/d/1CA22tPxmvLhFF3v2Bkkhcb8HKP0L2KJMU141EG3ihzc/edit?gid=1960642417#gid=1960642417,,,,,,,,0%,,,,"Marcos Daniel abr 17, 2025 14:09",,,,,,,8902070145
OnBoarding mottivme 100%,,,,,4. Onboarding 100% MTVM - https://mottivme.monday.com/boards/6535659397/views/142392571,,,,,,,,0%,,Todos,,"Marcos Daniel abr 17, 2025 14:09",,,,,,,8810126078
Como identificar leads do tr√°fego,,,,,,,,,,,,,0%,,"CS, Gestor de Automa√ß√µes, Gestor de Opera√ß√µes BPO, Supervisor de SDR",,"Marcos Daniel abr 17, 2025 14:09",,,,,,,8814153668
Tutorial de como criar perfil no google para vizualizar o drive e o google agenda do time.,,,,,,,,,,,,,0%,,,,"Marcos Daniel abr 17, 2025 14:09",,,,,,,8818427877
Play Book e Processos - Mottivme Sales Team,,Play Book e Processos - Mottivme Sales Team,,,Play Book e Processos - Mottivme Sales Team - https://docs.google.com/document/d/1H93QYSJjvCKCRLPZgGQ6y4-Z6Rd5IT1-nL_SgfR13rg/edit?tab=t.hywhxhr1e9ah#heading=h.pcr4gujqyoh0,,,,,,,,0%,,,,"Marcos Daniel abr 17, 2025 14:09",,,,,,,8858992610
Manual de Conduta,,Manual de Conduta,,,‚ñ∂Ô∏è Manual de Conduta - https://docs.google.com/document/d/1H93QYSJjvCKCRLPZgGQ6y4-Z6Rd5IT1-nL_SgfR13rg/edit?tab=t.l6rsh8770qqa,,,,,,,,0%,,,,"Marcos Daniel abr 17, 2025 14:09",,,,,,,8859004794
GPS,,GPS,,,- By Mottivme Sales -  ULTIMATE GUIDE -   GPS  GUIA PARA O SUCESSO - https://docs.google.com/document/d/1H93QYSJjvCKCRLPZgGQ6y4-Z6Rd5IT1-nL_SgfR13rg/edit?tab=t.hywhxhr1e9ah,,,,,,,,0%,,,,"Marcos Daniel abr 17, 2025 14:09",,,,,,,8859009658
Objetivo da etapa 2 - follow up,,,,,,,,,Em Progresso,,,,0%,,,,"Marcos Daniel abr 17, 2025 14:09",,,,,,,8901480219
Objetivo da etapa 3 - follow up,,,,,,,,,Em Progresso,,,,0%,,,,"Marcos Daniel abr 17, 2025 14:09",,,,,,,8901480375
Objetivo da etapa 4 - follow up,,,,,,,,,Em Progresso,,,,0%,,,,"Marcos Daniel abr 17, 2025 14:09",,,,,,,8901480522
Objetivo na etapa fup 4 - follow up,,,,,,,,,Em Progresso,,,,0%,,,,"Marcos Daniel abr 17, 2025 14:09",,,,,,,8901480778
Rotina doSocial Seller 2,,,,,Google Docs - https://docs.google.com/spreadsheets/d/1CA22tPxmvLhFF3v2Bkkhcb8HKP0L2KJMU141EG3ihzc/edit?gid=1960642417#gid=1960642417,,,,,,,,0%,,,,"Marcos Daniel abr 17, 2025 14:09",,,,,,,8902120804
Introdu√ß√£o ao CRM para Novos Colaboradores,,,,Introdu√ß√£o ao CRM para Novos Colaboradores - https://www.loom.com/share/3bd16a425ce74a43ba538730608c03af?sid=44468295-f1ef-4e17-9a3b-835b976306b7,,,,,Conclu√≠do,,,,100%,,,,"Marcos Daniel abr 28, 2025 23:46",,,,,,,8856882290
Atualiza√ß√µes e Configura√ß√µes do Google Chrome,,,,3. Atualiza√ß√µes e Configura√ß√µes do Google Chrome - https://www.loom.com/share/20d84acc4a83457bbf8aad9dd8e20045?sid=c7fe0871-2091-4d35-bf53-89963dcaf94e,,,,,Conclu√≠do,Mentorfy,,,100%,,,,"Marcos Daniel abr 28, 2025 23:45",,,,,,,8857225374
Ferramentas para Aumentar a Produtividade - Extens√µes para voc√™ baixar,,,,Ferramentas para Aumentar a Produtividade - https://www.loom.com/share/384094c6945a489887fe985acc83393f?sid=55588785-45c1-46b2-8433-cf9aa53cebb6,,,,,Conclu√≠do,Mentorfy,,,100%,,,,"Marcos Daniel abr 28, 2025 23:46",,,,,,,8857268517
Gerenciamento de Leads e Tarefas,,,,Gerenciamento de Leads e Tarefas - https://www.loom.com/share/9f7f0f0f401d4301b1d212949e1ce5f2?sid=99b615d7-f5fc-46c3-911a-295e20e24587,,,,,Conclu√≠do,Mentorfy,,,100%,,,,"Marcos Daniel abr 28, 2025 23:46",,,,,,,8857477421
Como Gerenciar Leads Eficazmente - Parte 1üöÄ,,,,Como Gerenciar Leads Eficazmente üöÄ - https://www.loom.com/share/febdd891a59c452093ffbc174c68057a?sid=3e38d0eb-45e4-4b22-88b6-1e10e7fd30d3,,,,,Conclu√≠do,Mentorfy,,,100%,,,,"Marcos Daniel abr 28, 2025 23:45",,,,,,,8857700268
Como funciona o CRM na pr√°tica - Principais funcionalidades para utilizar,,,,,,,,,,,,,0%,,,,"Marcos Daniel abr 3, 2025 17:31",,,,,,,8856699573
Alinhamento inicial com os SDR,,,,Alinhamento inicial com os SDR - https://www.loom.com/share/4ee6c83cc1e448a3936bcbf9c46629de?sid=98da2081-3543-4724-85c1-7410452adcc7,,,,,Conclu√≠do,Mentorfy,,,100%,,,,"Marcos Daniel abr 28, 2025 23:45",,,,,Alinhamento inicial com os SDR - https://www.loom.com/share/4ee6c83cc1e448a3936bcbf9c46629de?sid=98da2081-3543-4724-85c1-7410452adcc7,,8874804211
Estrat√©gias de Follow-Up em Vendas,,,,Estrat√©gias de Follow-Up em Vendas - https://www.loom.com/share/fd87b025c74c48278e156cc862c45c41?sid=d590b225-dfa6-4ac3-850d-f1b304325ebf,,,,,Conclu√≠do,Mentorfy,,,100%,,,,"Marcos Daniel abr 28, 2025 23:45",,,,,,,9024554677
TUtoriais Gestor de ATM,,,,,,,,,,,,,0%,,,,"Marcos Daniel jun 17, 2025 06:57",,,,,,,9391924308
,,,,,,,,,,,,,56%,,,,,0,,,,,,
,,,,,,,,,,,,,,,,,,,,,,,,
Processos para os Clientes,,,,,,,,,,,,,,,,,,,,,,,,
Name,Pessoas,link to 0. Job Description - benchmarking,Espelho,Link com Tutoriais,Link de Arquivos/P√°gina,Subitems,Cronograma - Start,Cronograma - End,Status. Tutoriais,Status no Mentorfy,Status Arquivos do Processo,Time,Monitoramento de Progresso,"Sugest√µes, crit√≠cas e elogios",Quem deve assistir?,Configura√ß√£o para:,√öltima atualiza√ß√£o,Tempo estimado (h),O que se espera aprender?,Observa√ß√£o,Categoria,Link com Tutoriais - loom,link to Templates de Mensagens,Item ID (auto generated)
Como Criar Links Permanentes no Zoom,,,,Como Criar Links Permanentes no Zoom - https://www.loom.com/share/f8556c3e4647451bba0ba1738c207fdf?sid=b0007e2a-99c8-4e76-9dc6-219c4fd26d36,,,,,,,,,0%,,,,"Marcos Daniel mar 19, 2025 18:14",,,,,,,8737451887
Como criar v√°rias agendas no seu dia a dia,,,,Como criar v√°rias agendas no seu dia a dia - https://www.loom.com/share/5ec1573d73e74c279459fc263ae34f78?sid=c3281720-e703-42ca-a2a1-0c2ce9f58b7f,,,,,,,,,0%,,,,"Marcos Daniel mar 20, 2025 00:10",,,,,,,8739048326
Como preencher os dados da persona,,,,Como funciona o link com as informacoes da persona do nosso cliente - https://www.loom.com/share/217017f0f5494c2ea391a6df9f2eba00?sid=b348171e-1e19-4fae-af18-76e8c79f1be0,,,,,,,,,0%,,,,"Marcos Daniel mar 19, 2025 18:44",,,,,,,8737429134
Integracao do WhatsApp e Google Agenda com a Agendafy,,,,Integracao do WhatsApp e Google Agenda com a Agendafy - https://www.loom.com/share/ccf76184fb844464b2145d41f2bc7545?sid=3d4c3b38-8af5-4418-8408-9895735c329c,,,,,,,,,0%,,,,"Marcos Daniel mar 19, 2025 22:41",,,,,,,8738739797
Como funciona nosso follow up,,,,,,,,,,,,,0%,,,,"Marcos Daniel mar 19, 2025 18:10",,,,,,,8737435128
Por onde come√ßaremos,,,,,,,,,,,,,0%,,,,"Marcos Daniel mar 19, 2025 18:10",,,,,,,8737435544
Treinamento e Integra√ß√£o do Socialfyghter ao CRM --> [cliente],,,,,,,,,,,,,0%,,,,"Marcos Daniel mar 19, 2025 18:10",,,,,,,8737436019
a,,,,,,,,,,,,,0%,,,,"Marcos Daniel mar 20, 2025 05:32",,,,,,,8740044633
,,,,,,,,,,,,,0%,,,,,0,,,,,,
,,,,,,,,,,,,,,,,,,,,,,,,
FASE A1 - Gestor de Automa√ß√µes,,,,,,,,,,,,,,,,,,,,,,,,
Name,Pessoas,link to 0. Job Description - benchmarking,Espelho,Link com Tutoriais,Link de Arquivos/P√°gina,Subitems,Cronograma - Start,Cronograma - End,Status. Tutoriais,Status no Mentorfy,Status Arquivos do Processo,Time,Monitoramento de Progresso,"Sugest√µes, crit√≠cas e elogios",Quem deve assistir?,Configura√ß√£o para:,√öltima atualiza√ß√£o,Tempo estimado (h),O que se espera aprender?,Observa√ß√£o,Categoria,Link com Tutoriais - loom,link to Templates de Mensagens,Item ID (auto generated)
1. Atualiza√ß√£o de conta antiga ou cria√ß√£o de conta no CRM para novos Mottivados,,,,Altera√ß√£o de Contato de Colaborador üõ†Ô∏è - https://www.loom.com/share/2c5f5c8efdf44ba1aed102734142275e?sid=e3f7a288-1432-4393-92fe-41530f3d5dc8,,,,,,,,,0%,,,,"Marcos Daniel abr 10, 2025 08:31",,,,,,,8901128772
"2. Compra, integra√ß√£o e cria√ß√£o da agendafy do usu√°rio",,,,Aprenda a criar sua conta na Agendafy‚ú® - https://www.loom.com/share/3ab31a1554b841f6b3aac72bbb68d5bd?sid=5ddd99b5-3656-4e57-8636-f0d8585ba66f,,"Definir com o cliente os dias e hor√°rios dispon√≠veis para agendamento,Integra√ß√£o,Cia√ß√£o de agendas,Configura√ß√£o das agendas",,,Conclu√≠do,,,,100%,,Gestor de Automa√ß√µes,,"Marcos Daniel abr 10, 2025 08:31",,,,,,,8691631485
Subitems,Name,Owner,Status,Date,Link com Tutoriais,Link de Arquivos,Item ID (auto generated),,,,,,,,,,,,,,,,,
,Definir com o cliente os dias e hor√°rios dispon√≠veis para agendamento,,,,,,8691632012,,,,,,,,,,,,,,,,,
,Integra√ß√£o,,,,,,8691631893,,,,,,,,,,,,,,,,,
,Cia√ß√£o de agendas,,,,,,8691631933,,,,,,,,,,,,,,,,,
,Configura√ß√£o das agendas,,,,,,8691631978,,,,,,,,,,,,,,,,,
3. Automa√ß√£o Poderosa para envio de √°udio de forma segmenta Leads e personalizada para o seu lead,,,,Automa√ß√£o Poderosa para Leads üöÄ - https://www.loom.com/share/f25572b105724db69e5c1be563a7038f?sid=cabc70f4-10e0-4f1c-acf2-31c13c849ef5,,,,,Conclu√≠do,,,,100%,,,,"Marcos Daniel abr 10, 2025 08:32",,,,,,,8703303001
Cria√ß√£o de conta como Usu√°rio do CRM para acompanhar o bpo social selling  e gerir o fluxo comercial,,,,Como cadastrar um novo usu√°rio no CRM? üòä * - https://www.loom.com/share/3ac7b2f0f2d44b8c97278dcee8ee3697?sid=bd9dffd2-895e-439c-a255-5d1b31926f28,,,,,Conclu√≠do,,,,100%,,Gestor de Automa√ß√µes,,"Marcos Daniel mar 14, 2025 18:11",,,,,,,8691631451
Equipes e Grupos de Equipes,,,,Como configurar Equipes e Grupos de Equipes --&gt; [gestor] - https://www.loom.com/share/3ac7b2f0f2d44b8c97278dcee8ee3697?sid=85b1cbe0-7344-42f3-8715-0fb315987693,,,,,Conclu√≠do,,,,100%,,Gestor de Automa√ß√µes,,"Marcos Daniel mar 14, 2025 18:11",,,,,,,8691631520
Realizar o login e senha do Instagram e gerar o c√≥digo para o gerenciador de autentica√ß√£o 2 fatores,,,,Como criar a palavra chave do 2fa do instagram do cliente - https://www.loom.com/share/5a12f317b92f4d77a0686f871504db44?sid=a37e4c28-478c-439a-b2e6-9c738a2d5399,,,,,Conclu√≠do,,,,100%,,Gestor de Automa√ß√µes,,"Marcos Daniel mar 14, 2025 18:11",,,,,,,8691631620
Integra√ß√£o como administrador da p√°gina do facebook,,,,Conectando Facebook ao CRM üìà - https://www.loom.com/share/5cfdc054da434a11a50e3244e4610982?sid=e780cae7-3dbe-42db-ada3-e3f01c9736e4,,,,,Conclu√≠do,,,,100%,,Gestor de Automa√ß√µes,,"Marcos Daniel mar 14, 2025 18:11",,,,,,,8691631581
Cria√ß√£o de filtros para novos usu√°rios no crm,,,,Configura√ß√£o de Conta para Novos Colaboradores üöÄ - https://www.loom.com/share/9dc1f9d391d140ac9854ebcd6185d4a5?sid=c7fdcff7-e63b-43ab-812f-825fb7cbe709,,,,,,,,,0%,,,Mottivado,"Marcos Daniel abr 9, 2025 20:05",,,,,,,8901273499
"Configura√ß√µes de Direcionamentos e Redirecionamentos do direct, coment√°rios e sdr`s respons√°veis",,,,Configura√ß√µes de Direcionamentos e Redirecionamentos do direct e coment√°rios - https://www.loom.com/share/880a980b0a5840ccb265cba6f0281e13?sid=65b1a337-18cf-4465-821a-c63942a1c7e2,,processo de gest√£o de leads e automa√ß√£o de assinantes no CRM,,,Conclu√≠do,,,,100%,,Gestor de Automa√ß√µes,,"Marcos Daniel mar 26, 2025 13:41",,,,,,,8691631530
Subitems,Name,Owner,Status,Date,Link com Tutoriais,Link de Arquivos,Item ID (auto generated),,,,,,,,,,,,,,,,,
,processo de gest√£o de leads e automa√ß√£o de assinantes no CRM,,,,Como eleger os SDR's Respons√°veis por clientes? - https://www.loom.com/share/a55c761af359460483cde33dca5a06d7?sid=c8720a2d-7308-4049-9fa2-5af1f0c6f553,,8788508862,,,,,,,,,,,,,,,,,
Como criar cad√™ncias de tarefas autom√°ticas,,,,Criando Cad√™ncias de Tarefas Autom√°ticas - https://www.loom.com/share/98c58f0586c645baac3060c0d67c86a0?sid=6dd1e5f3-6e38-4b16-84c3-00fefd2317af,,,,,,,,,0%,,,,"Marcos Daniel abr 2, 2025 12:00",,,,,,,8842624430
Como inserir palavras haves para trackear leads do tr√°fego,,,,Inser√ß√£o de Palavras-Chave para Leads - https://www.loom.com/share/fcdddc92967e42cdac21717a51eab2db?sid=ca30968b-f1cb-4ad0-8b4d-77b1a5ff20af,,,,,Conclu√≠do,,,,100%,,,,"Marcos Daniel mar 14, 2025 18:11",,,,,,,8693078437
Integra√ß√£o do instagram do cliente no CRM,,,,Integra√ß√£o de Conta do Instagram do Cliente no CRM da Mottivme Sales - https://www.loom.com/share/de670355d1a5495b8498039580dbfb2c?sid=0c1b5318-b633-47c3-8255-d2a0e6621b8d,,,,,Conclu√≠do,,,,100%,,Gestor de Automa√ß√µes,,"Marcos Daniel mar 14, 2025 18:11",,,,,,,8691631752
Integra√ß√µes do WhatsApp,,,,Integra√ß√£o do WhatsApp do Cliente - https://www.loom.com/share/cdf8bbb20c3e48899a76bb45b25eb594?sid=b91f672a-cad9-42a6-a8ed-2951070edafd,,,,,Conclu√≠do,,,,100%,,,,"Marcos Daniel mar 14, 2025 18:11",,,,,,,8691631736
Integra√ß√µes da rede social - IG,,,,Integra√ß√µes da Rede Social - IG - [gestor] - https://www.loom.com/share/65a5c77bd081449ca6edd8d56fcde3c8?sid=0c96bc27-6b6d-45e7-bf8e-46c27f32800c,,,,,Conclu√≠do,,,,100%,,Gestor de Automa√ß√µes,,"Marcos Daniel mar 14, 2025 18:11",,,,,,,8691631662
Rotinas Diarias,,,,,,Veriica√ß√£o di√°ria de WhatApp Conectado,,,,,,,0%,,,,"Marcos Daniel abr 10, 2025 08:26",,,,,,,8810104642
Subitems,Name,Owner,Status,Date,Link com Tutoriais,Link de Arquivos,Item ID (auto generated),,,,,,,,,,,,,,,,,
,Veriica√ß√£o di√°ria de WhatApp Conectado,,,,Verifica√ß√£o di√°ria dos leads no Whatsapp Lite üì± - https://www.loom.com/share/f3fac477c5754bf9be185eb66828a60e?sid=6480343c-7f0f-4397-aa66-1c2cf14c3c1f,,8810108488,,,,,,,,,,,,,,,,,
,,,,,,,,,,,,,73%,,,,,0,,,,,,
,,,,,,,,,,,,,,,,,,,,,,,,
A2 - Processos Gestor de Automa√ß√µes,,,,,,,,,,,,,,,,,,,,,,,,
Name,Pessoas,link to 0. Job Description - benchmarking,Espelho,Link com Tutoriais,Link de Arquivos/P√°gina,Subitems,Cronograma - Start,Cronograma - End,Status. Tutoriais,Status no Mentorfy,Status Arquivos do Processo,Time,Monitoramento de Progresso,"Sugest√µes, crit√≠cas e elogios",Quem deve assistir?,Configura√ß√£o para:,√öltima atualiza√ß√£o,Tempo estimado (h),O que se espera aprender?,Observa√ß√£o,Categoria,Link com Tutoriais - loom,link to Templates de Mensagens,Item ID (auto generated)
3. Analisar automa√ß√µes em cada etapa,,,,,,,,,,,,,0%,,,,"Marcos Daniel ago 31, 2024 11:58",,,,,,,7336986056
4. Analisar respostas por etapas,,,,,,,,,,,,,0%,,,,"Marcos Daniel ago 31, 2024 11:58",,,,,,,7336986061
,,,,,,,,,,,,,0%,,,,,0,,,,,,
,,,,,,,,,,,,,,,,,,,,,,,,
FASE A1 - SDR/Social Seller INTERNOS,,,,,,,,,,,,,,,,,,,,,,,,
Name,Pessoas,link to 0. Job Description - benchmarking,Espelho,Link com Tutoriais,Link de Arquivos/P√°gina,Subitems,Cronograma - Start,Cronograma - End,Status. Tutoriais,Status no Mentorfy,Status Arquivos do Processo,Time,Monitoramento de Progresso,"Sugest√µes, crit√≠cas e elogios",Quem deve assistir?,Configura√ß√£o para:,√öltima atualiza√ß√£o,Tempo estimado (h),O que se espera aprender?,Observa√ß√£o,Categoria,Link com Tutoriais - loom,link to Templates de Mensagens,Item ID (auto generated)
Introdu√ß√£o ao CRM para Novos Colaboradores,,,,1. Embeeded ok - Introdu√ß√£o ao CRM para Novos Colaboradores - https://www.loom.com/share/3bd16a425ce74a43ba538730608c03af?sid=44468295-f1ef-4e17-9a3b-835b976306b7,,,,,,,,,0%,,Social Seller,,"Marcos Daniel abr 9, 2025 20:06",,,,,,,8874727169
Alinhamento inicial com os SDR,,,,Alinhamento inicial com os SDR - https://www.loom.com/share/4ee6c83cc1e448a3936bcbf9c46629de?sid=98da2081-3543-4724-85c1-7410452adcc7,,,,,,,,,0%,,Social Seller,,"Marcos Daniel abr 9, 2025 20:06",,,,,,,8778516108
"Como funciona o quadro no monday, sobre a Persona do nosso cliente",,,,Como Funciona o Quadro de Clientes - https://www.loom.com/share/bdbae75708de4bdf9c3aa83a86256db5?sid=7b222d3d-48bd-40ae-b3e2-9d8d0227aa87,Report SS e SDR - https://docs.google.com/document/d/1t8il_aizObnjAoiXXIREe6mWnudQyV8m0miCMQc4oCQ/edit?usp=sharing,,,,Conclu√≠do,,Modelando,Mottivme Sales,100%,,Social Seller,,"Marcos Daniel abr 9, 2025 20:06",,,,,,,8690311853
Como fazer follow up no fup 4,,,,Follow-up de Leads na Pr√°tica - https://www.loom.com/share/b4a85976f68b4cf48ef4b22a2eb74006?sid=fa9c8e48-6d79-421e-9def-246073efd278,,,,,,,,,0%,,Social Seller,,"Marcos Daniel abr 9, 2025 20:06",,,,,,,8842483608
Como √© a Cad√™ncia do time de pr√© vendas,,,,,Report SS e SDR - https://docs.google.com/document/d/1t8il_aizObnjAoiXXIREe6mWnudQyV8m0miCMQc4oCQ/edit?usp=sharing,,,,Parado,,Modelando,Mottivme Sales,0%,,Social Seller,,"Marcos Daniel abr 9, 2025 20:06",,,,,,,8740003474
Crit√©rios de qualifica√ß√£o para Meetings,,,,,Report SS e SDR - https://docs.google.com/document/d/1t8il_aizObnjAoiXXIREe6mWnudQyV8m0miCMQc4oCQ/edit?usp=sharing,,,,,,Modelando,Mottivme Sales,0%,,Social Seller,,"Marcos Daniel abr 9, 2025 20:06",,,,,,,8740014620
B√¥nus e metas SDR,,,,,Report SS e SDR - https://docs.google.com/document/d/1t8il_aizObnjAoiXXIREe6mWnudQyV8m0miCMQc4oCQ/edit?usp=sharing,,,,,,Modelando,Mottivme Sales,0%,,Social Seller,,"Marcos Daniel abr 9, 2025 20:06",,,,,,,8740036584
Time Social Selling - 2024 (B√îNUS E COMISS√ïES DIVIDIDO ENTRE O TIME),,,,,Report SS e SDR - https://docs.google.com/document/d/1t8il_aizObnjAoiXXIREe6mWnudQyV8m0miCMQc4oCQ/edit?usp=sharing,,,,,,Modelando,Mottivme Sales,0%,,Social Seller,,"Marcos Daniel abr 9, 2025 20:06",,,,,,,8740041581
"Script de Call SDR   Objetivos: Qualificar, Entender o N√≠vel de Consci√™ncia do Lead e fazer o agendamento.",,,,,Report SS e SDR - https://docs.google.com/document/d/1t8il_aizObnjAoiXXIREe6mWnudQyV8m0miCMQc4oCQ/edit?usp=sharing,,,,,,Modelando,Mottivme Sales,0%,,Social Seller,,"Marcos Daniel abr 9, 2025 20:06",,,,,,,8740051951
FLUXO DE MSGS p_ Leads Qualificados - ImersaÃÉo Presencial - WhatsApp,,,,,Report SS e SDR - https://docs.google.com/document/d/1t8il_aizObnjAoiXXIREe6mWnudQyV8m0miCMQc4oCQ/edit?usp=sharing,,,,,,Modelando,Mottivme Sales,0%,,Social Seller,,"Marcos Daniel abr 9, 2025 20:06",,,,,,,8740057743
Processo do SS,,,,,Report SS e SDR - https://docs.google.com/document/d/1t8il_aizObnjAoiXXIREe6mWnudQyV8m0miCMQc4oCQ/edit?usp=sharing,,,,,,Modelando,Mottivme Sales,0%,,Social Seller,,"Marcos Daniel abr 9, 2025 20:06",,,,,,,8740063019
Report SS e SDR,,,,,Report SS e SDR - https://docs.google.com/document/d/1t8il_aizObnjAoiXXIREe6mWnudQyV8m0miCMQc4oCQ/edit?usp=sharing,,,,,,Modelando,Mottivme Sales,0%,,Social Seller,,"Marcos Daniel abr 9, 2025 20:06",,,,,,,8740065643
MODELO METRICAS - SDB/BDR,,,,,MODELO METRICAS - SDB/BDR - https://docs.google.com/spreadsheets/d/1XnHwaLLakLn6AtjVfOkdRwfhYch7hzOJeqtT6fqXis0/edit?usp=sharing,,,,,,,,0%,,Social Seller,,"Marcos Daniel abr 9, 2025 20:06",,,,,,,8740067069
PAINEL DE CONTROLE - Time de preÃÅ-vendas,,,,,PAINEL DE CONTROLE - Time de preÃÅ-vendas - https://docs.google.com/spreadsheets/d/14vlMrrABDTG0Fp37jGleKcIo265DS-ZWMov3Mt58kg4/edit?usp=sharing,,,,,,,,0%,,Social Seller,,"Marcos Daniel abr 9, 2025 20:06",,,,,,,8740076307
Social Seller,,,,,,,,,,,,,0%,,Social Seller,,"Marcos Daniel abr 9, 2025 20:06",,,,,,,8740085091
processo contratcao pre venda,,,,,,,,,,,,,0%,,Social Seller,,"Marcos Daniel abr 9, 2025 20:06",,,,,,,8740135747
,,,,,,,,,,,,,6%,,,,,0,,,,,,
,,,,,,,,,,,,,,,,,,,,,,,,
FASE A1 - Supervisor de BDR,,,,,,,,,,,,,,,,,,,,,,,,
Name,Pessoas,link to 0. Job Description - benchmarking,Espelho,Link com Tutoriais,Link de Arquivos/P√°gina,Subitems,Cronograma - Start,Cronograma - End,Status. Tutoriais,Status no Mentorfy,Status Arquivos do Processo,Time,Monitoramento de Progresso,"Sugest√µes, crit√≠cas e elogios",Quem deve assistir?,Configura√ß√£o para:,√öltima atualiza√ß√£o,Tempo estimado (h),O que se espera aprender?,Observa√ß√£o,Categoria,Link com Tutoriais - loom,link to Templates de Mensagens,Item ID (auto generated)
Rotinas do Supervisor de BDR,,,,1. Rotina de ProspeccÃßaÃÉo - BDR BPOSS - https://docs.google.com/spreadsheets/d/1MnqOv27GMsOYHH8IfSaTAnT5Qy9Ul8ET3y0IAr1-dKI/edit?usp=sharing,,,,,,,,,0%,,,,"Marcos Daniel mar 29, 2025 07:07",,,,,,,8811846531
Inserir cliente na planilha de Produtividade - Social Seller,,,,Atualiza√ß√£o da Planilha de Produtividade - https://www.loom.com/share/e5f408cfe4304901830219ad71f26665?sid=324d07aa-9c7a-4e07-93c6-a3415f36aced,,,,,,,,,0%,,,,"Marcos Daniel mar 13, 2025 15:48",,,,,,,8691631780
Como abordar novos seguidores dos clientes,,,,Como abordar novos seguidores dos clientes - https://www.loom.com/share/7e3e32dc5e18428f96176450b2cb117b?sid=3470642c-b57d-43b5-9d76-fb9aecbbc1be,,,,,,,,,0%,,,,"Marcos Daniel mar 13, 2025 15:29",,,,,,,8692874488
Como abordar seguidores do cliente,,,,Como abordar seguidores do cliente - https://www.loom.com/share/6a6b933ad7d442eba84759f917f5840f?sid=4fde4c9c-cc83-4ba4-9735-778fa58d7fcc,,,,,,,,,0%,,,,"Marcos Daniel mar 13, 2025 15:29",,,,,,,8692872418
Como prospectar leads frios de perfis sugeridos por clientes,,,,Como prospectar leads frios de perfis sugeridos por clientes - https://www.loom.com/share/221685a36fe644779ba7be010c6dd47d?sid=af2a1917-f9b2-4648-8f0b-708323594698,,,,,,,,,0%,,,,"Marcos Daniel mar 13, 2025 15:30",,,,,,,8692875015
OBJETIVO DA FASE 2:,,,,,,,,,,,,,0%,,,,"Marcos Daniel mar 14, 2025 03:51",,,,,,,8696856546
Gravar treinamento do Tutorial do BDR,,,,,Play Book  BDRSC - Social Seller - MOTTIVME SALES TEAM - https://docs.google.com/document/d/103RVOqWtf1T_HfdD6phm13M6swREynS9VP2OPtyHpFs/edit?tab=t.0,,,,,,,,0%,,,,"Marcos Daniel mar 29, 2025 00:52",,,,,,,8811335690
,,,,,,,,,,,,,0%,,,,,0,,,,,,
,,,,,,,,,,,,,,,,,,,,,,,,
FASE A1 - Gestor do BPO,,,,,,,,,,,,,,,,,,,,,,,,
Name,Pessoas,link to 0. Job Description - benchmarking,Espelho,Link com Tutoriais,Link de Arquivos/P√°gina,Subitems,Cronograma - Start,Cronograma - End,Status. Tutoriais,Status no Mentorfy,Status Arquivos do Processo,Time,Monitoramento de Progresso,"Sugest√µes, crit√≠cas e elogios",Quem deve assistir?,Configura√ß√£o para:,√öltima atualiza√ß√£o,Tempo estimado (h),O que se espera aprender?,Observa√ß√£o,Categoria,Link com Tutoriais - loom,link to Templates de Mensagens,Item ID (auto generated)
Analisar se tem novos seguidores para o BDR prospectar,,,,,,,,,,,,,0%,,,,"Marcos Daniel mar 11, 2025 20:09",,,,,,,8675213190
Analisar se os BDR`s est√£o prospectando corretamente,,,,,,,,,,,,,0%,,,,"Marcos Daniel mar 11, 2025 20:10",,,,,,,8675941388
Analisar se a planilha de produtividade e m√©tricas dos BDR`s est√£o sendo preenchidas,,,,,,,,,,,,,0%,,,,"Marcos Daniel mar 11, 2025 20:10",,,,,,,8675943614
Modelo de m√©tricas SDR/Social Sellers,,,,,Google Docs - https://docs.google.com/spreadsheets/d/1hjQwEXuc0w7CjGczcvE-OzLVBmWxDBOQX_x32WlrN-k/edit?usp=drive_link,,,,,,,,0%,,,,"Marcos Daniel mar 20, 2025 05:32",,,,,,,8740043725
Planilha Consolidado - MeÃÅtricas + Resumo Semanal,,,,,https://docs.google.com/spreadsheets/d/1Q6wodOhU_RM5cDIlOxSRAn01YoOFccj2RJuG9_3gkRg/edit?usp=sharing,,,,,,,,0%,,,,"Marcos Daniel mar 20, 2025 05:44",,,,,,,8740090926
a,,,,,Google Docs - https://docs.google.com/document/d/1p1LvvXOfC1dCipc0SXIRoaEhcV4EdNfo4nbaZWG0y1o/edit?usp=drive_link,,,,,,,,0%,,,,"Marcos Daniel mar 20, 2025 05:49",,,,,,,8740124667
Cargos e sal√°rios,,,,,Google Docs - https://docs.google.com/spreadsheets/d/1ocswpCVw-FSaodN8w-MNNn5cRFXlaJp4EPuyjSwS5ps/edit?usp=drive_link,,,,,,,,0%,,,,"Marcos Daniel mar 20, 2025 05:49",,,,,,,8740126650
Bonus osocial seller,,,,,Google Docs - https://docs.google.com/document/d/19JYF3_EnmCjHC0o-bXAijUELPZc1tAog6Z1xndiKlV4/edit?usp=drive_link,,,,,,,,0%,,,,"Marcos Daniel mar 20, 2025 05:49",,,,,,,8740129106
bonus ss,,,,,Google Docs - https://docs.google.com/document/d/13IfrLorS0qbxiBOtCE91QwWingyrJbtgcK5c7ltxdis/edit?usp=drive_link,,,,,,,,0%,,,,"Marcos Daniel mar 20, 2025 05:50",,,,,,,8740129860
planilha cargos e salarios,,,,,Google Docs - https://docs.google.com/spreadsheets/d/1ki_0L0XRS6TMimYQFWQqcqdVhlm9L2kQv5gm0fuVeRg/edit?usp=drive_link,,,,,,,,0%,,,,"Marcos Daniel mar 20, 2025 05:50",,,,,,,8740131705
ca,,,,,Google Docs - https://docs.google.com/spreadsheets/d/1NePikuEAZD-BBAnEIHkR_YRkpRpVsFjWv129ECTG_1o/edit?usp=drive_link,,,,,,,,0%,,,,"Marcos Daniel mar 20, 2025 05:50",,,,,,,8740132398
a,,,,,"[MTVM SALES] KGC - ROTINAS COMERCIAIS (2)., - https://docs.google.com/document/d/1feJ2lW3ZpNxfzKTkNpFOXQOKC6_4qcDmoKSFIk0SuIU/edit?usp=sharing",,,,,,,,0%,,,,"Marcos Daniel mar 20, 2025 06:06",,,,,,,8740197460
,,,,,,,,,,,,,0%,,,,,0,,,,,,
,,,,,,,,,,,,,,,,,,,,,,,,
FASE A1 -BDR's,,,,,,,,,,,,,,,,,,,,,,,,
Name,Pessoas,link to 0. Job Description - benchmarking,Espelho,Link com Tutoriais,Link de Arquivos/P√°gina,Subitems,Cronograma - Start,Cronograma - End,Status. Tutoriais,Status no Mentorfy,Status Arquivos do Processo,Time,Monitoramento de Progresso,"Sugest√µes, crit√≠cas e elogios",Quem deve assistir?,Configura√ß√£o para:,√öltima atualiza√ß√£o,Tempo estimado (h),O que se espera aprender?,Observa√ß√£o,Categoria,Link com Tutoriais - loom,link to Templates de Mensagens,Item ID (auto generated)
,,,,,,,,,,,,,,,,,,,,,,,,
FASE A1 - CS,,,,,,,,,,,,,,,,,,,,,,,,
Name,Pessoas,link to 0. Job Description - benchmarking,Espelho,Link com Tutoriais,Link de Arquivos/P√°gina,Subitems,Cronograma - Start,Cronograma - End,Status. Tutoriais,Status no Mentorfy,Status Arquivos do Processo,Time,Monitoramento de Progresso,"Sugest√µes, crit√≠cas e elogios",Quem deve assistir?,Configura√ß√£o para:,√öltima atualiza√ß√£o,Tempo estimado (h),O que se espera aprender?,Observa√ß√£o,Categoria,Link com Tutoriais - loom,link to Templates de Mensagens,Item ID (auto generated)
Passo a passo inicial de OnBoarding do Cliente,,,,,,,,,,,,,0%,,,,"Marcos Daniel mar 24, 2025 11:57",,,,,,,8765883534
Apresenta√ß√£o em Gamma App,,,,,Mottivme: Seu Parceiro Estrat√©gico em BPO de Social Selling - https://mottivme-seu-parceiro-es-6ae1frb.gamma.site/,,,,,,,,0%,,,,"Marcos Daniel mar 29, 2025 06:55",,,,,,,8811828163
,,,,,,,,,,,,,0%,,,,,0,,,,,,
,,,,,,,,,,,,,,,,,,,,,,,,
FASE A1 - Closer,,,,,,,,,,,,,,,,,,,,,,,,
Name,Pessoas,link to 0. Job Description - benchmarking,Espelho,Link com Tutoriais,Link de Arquivos/P√°gina,Subitems,Cronograma - Start,Cronograma - End,Status. Tutoriais,Status no Mentorfy,Status Arquivos do Processo,Time,Monitoramento de Progresso,"Sugest√µes, crit√≠cas e elogios",Quem deve assistir?,Configura√ß√£o para:,√öltima atualiza√ß√£o,Tempo estimado (h),O que se espera aprender?,Observa√ß√£o,Categoria,Link com Tutoriais - loom,link to Templates de Mensagens,Item ID (auto generated)
Fluxo ap√≥s agendamento Closer,,,,,Fluxo poÃÅs agendamento - Nutricao ate a call_ - https://docs.google.com/document/d/1OasnIrnGLj78B5jTfssC5wqXfrMo6rn8CIgCX74LydY/edit?usp=drive_link,,,,,,Modelando,Mottivme Sales,0%,,,,"Marcos Daniel mar 20, 2025 05:33",,,,,,,8740045002
PROCESSO COMERCIAL - POÃÅS AGENDAMENTO ATEÃÅ A CALL,,,,,,,,,,,Modelando,Mottivme Sales,0%,,,,"Marcos Daniel mar 20, 2025 05:34",,,,,,,8740047755
Processo de vendas por mensagem,,,,,Processo de vendas por mensagem - https://docs.google.com/document/d/1XbabmiZtwtTXOZkh8fS9Nbrsdfc5Q3-1OKdD-4q7WB8/edit?usp=sharing,,,,,,,,0%,,,,"Marcos Daniel mar 20, 2025 05:42",,,,,,,8740051684
ofertas mentoria - LINHAS DE NEGOCIACAO E BONUS OCULTOS,,,,,ofertas mentoria - LINHAS DE NEGOCIACAO E BONUS OCULTOS - https://docs.google.com/document/d/1_66iwqNtyGsurXwed7zZ9afCG_PPfFaYJullzaCCBIU/edit?usp=drive_link,,,,,,,,0%,,,,"Marcos Daniel mar 20, 2025 05:45",,,,,,,8740096562
PLAYBOOK OBJECOES,,,,,PLAYBOOK OBJECOES - https://docs.google.com/document/d/1yaY3lHyiJcxE-6j7jHlDO1XaagMR91TZTGzqi9iLy4w/edit?tab=t.0,,,,,,,,0%,,,,"Marcos Daniel mar 20, 2025 05:45",,,,,,,8740105479
a,,,,,MindMeister - https://www.mindmeister.com/app/map/2990376375?t=7DCEJnpSZ1,,,,,,,,0%,,,,"Marcos Daniel mar 20, 2025 05:46",,,,,,,8740109631
ofertas mentoria - LINHAS DE NEGOCIACAO E BONUS OCULTOS,,,,,ofertas mentoria - LINHAS DE NEGOCIACAO E BONUS OCULTOS - https://docs.google.com/document/d/1Y6yTejccGGLsser-yjpflQ5_IHeop12hNnHrTCehPoQ/edit?usp=sharing,,,,,,,,0%,,,,"Marcos Daniel mar 20, 2025 05:46",,,,,,,8740110848
Scipt a euni√£o,,,,,,,,,,,,,0%,,,,"Marcos Daniel mar 20, 2025 05:47",,,,,,,8740118191
F√≥rmula da Manh√£ - FSS,,,,,F√≥rmula da Manh√£ - Time Comercial - Mottivme Sales.docx - https://docs.google.com/document/d/1XjyzbMhN6tqzyS5u7PUsJkIV0v2tXlbj/edit?usp=sharing&ouid=116533015460970007568&rtpof=true&sd=true,,,,,,,,0%,,,,"Marcos Daniel mar 20, 2025 06:04",,,,,,,8740173510
A,,,,,"[MTVM SALES] AQ3 - Manual da Cultura Organizacional do Setor de Marketing MTVM (1)., - https://docs.google.com/document/d/1-snlKx7XdsxTZifOkeXaEeaacMBHnafsUquPJdHpekw/edit?usp=sharing",,,,,,,,0%,,,,"Marcos Daniel mar 20, 2025 06:08",,,,,,,8740217254
,,,,,,,,,,,,,0%,,,,,0,,,,,,
,,,,,,,,,,,,,,,,,,,,,,,,
Recrutamento e Sele√ß√£o,,,,,,,,,,,,,,,,,,,,,,,,
Name,Pessoas,link to 0. Job Description - benchmarking,Espelho,Link com Tutoriais,Link de Arquivos/P√°gina,Subitems,Cronograma - Start,Cronograma - End,Status. Tutoriais,Status no Mentorfy,Status Arquivos do Processo,Time,Monitoramento de Progresso,"Sugest√µes, crit√≠cas e elogios",Quem deve assistir?,Configura√ß√£o para:,√öltima atualiza√ß√£o,Tempo estimado (h),O que se espera aprender?,Observa√ß√£o,Categoria,Link com Tutoriais - loom,link to Templates de Mensagens,Item ID (auto generated)
Como preencher o teste DISC,,,,1 Como Preencher a Planilha de Perfil Comportamental na Mottivme Sales üìä - https://www.loom.com/share/58f2718db90243cdb1595c6b9d227b85?sid=c124ffad-69f3-4a4b-b27e-7cb51eacadd2,,Pasta com o DISC e Tutorial para o usu√°rio assistir,,,,,,,0%,,,,"Marcos Daniel mar 26, 2025 04:31",,,,,,,8783822108
Subitems,Name,Owner,Status,Date,Link com Tutoriais,Link de Arquivos,Item ID (auto generated),,,,,,,,,,,,,,,,,
,Pasta com o DISC e Tutorial para o usu√°rio assistir,,,,,RECRUTAMENTO E SELE√á√ÉO - Google Drive - https://drive.google.com/drive/folders/1xcmbCivq_ruagXAG-PU-2NhZN5y7DYXR?usp=sharing,8783860121,,,,,,,,,,,,,,,,,
a,,,,,https://drive.google.com/file/d/1SnQQ4b2q2bCKMqMoaDFzTyfhpiNQtYEX/view?usp=drive_link,,,,,,,,0%,,,,"Marcos Daniel mar 20, 2025 06:07",,,,,,,8740212651
1. Guia Pr√°tico -  Recrutamento e Sele√ß√µes de Times Comerciais,,,,,1. Guia Pr√°tico -  Recrutamento e Sele√ß√µes de Times Comerciais - https://drive.google.com/drive/folders/1rk8oEvs2t8uqRztfZEE8INoavIZBuZj_?usp=drive_link,,,,,,,,0%,,,,"Marcos Daniel mar 20, 2025 06:08",,,,,,,8740219459
Sites para contrata√ß√µes,,,,,,https://employers.indeed.com/,,,,,,,0%,,,,"Marcos Daniel mar 26, 2025 04:21",,,,,,,8783826438
Subitems,Name,Owner,Status,Date,Link com Tutoriais,Link de Arquivos,Item ID (auto generated),,,,,,,,,,,,,,,,,
,https://employers.indeed.com/,,,,,,8783853761,,,,,,,,,,,,,,,,,
,,,,,,,,,,,,,0%,,,,,0,,,,,,
,,,,,,,,,,,,,,,,,,,,,,,,
Automa√ß√µes Make,,,,,,,,,,,,,,,,,,,,,,,,
Name,Pessoas,link to 0. Job Description - benchmarking,Espelho,Link com Tutoriais,Link de Arquivos/P√°gina,Subitems,Cronograma - Start,Cronograma - End,Status. Tutoriais,Status no Mentorfy,Status Arquivos do Processo,Time,Monitoramento de Progresso,"Sugest√µes, crit√≠cas e elogios",Quem deve assistir?,Configura√ß√£o para:,√öltima atualiza√ß√£o,Tempo estimado (h),O que se espera aprender?,Observa√ß√£o,Categoria,Link com Tutoriais - loom,link to Templates de Mensagens,Item ID (auto generated)
"Mover lead pra forms de contrato preenchido, ganho, contrato assinado...",,,,,Make - https://us1.make.com/485207/scenarios/3766356/edit,,,,,,,,0%,,,,"Marcos Daniel mai 8, 2025 08:42",,,,,,,9098021308
,,,,,,,,,,,,,0%,,,,,0,,,,,,
,,,,,,,,,,,,,,,,,,,,,,,,
Novo grupo,,,,,,,,,,,,,,,,,,,,,,,,
Name,Pessoas,link to 0. Job Description - benchmarking,Espelho,Link com Tutoriais,Link de Arquivos/P√°gina,Subitems,Cronograma - Start,Cronograma - End,Status. Tutoriais,Status no Mentorfy,Status Arquivos do Processo,Time,Monitoramento de Progresso,"Sugest√µes, crit√≠cas e elogios",Quem deve assistir?,Configura√ß√£o para:,√öltima atualiza√ß√£o,Tempo estimado (h),O que se espera aprender?,Observa√ß√£o,Categoria,Link com Tutoriais - loom,link to Templates de Mensagens,Item ID (auto generated)