;;;;;;FLUXO OTB;;;;;;;;;;;;TICKET MÉDIO;CUSTO POR LEAD;CUSTO POR REUNIÃO AGENDADA;CUSTO POR AQUISIÇÃO DE CLIENTE;RETORNO SOBRE O INVESTIMENTO;FLUXO NS (Novo Seguidor);;;;FLUXO PA (Prospeção Ativa);;;;;;;;;;;
DIA;MÊS;ANO;INVESTIMENTO;PROSPECTADOS;CONVERSÃO PROSPECTADOS/LEADS GERADOS;ATIVADOS;CONVERSÃO ATIVADOS/CONDUZINDO;CONDUZINDO ;CONVERSÃO DE LEADS GENDADOS/ ATIVADOS;AGENDADOS;CONVERSÃO AGENDADOS/NÃO REALIZADOS;CALLS NÃO REALIZADAS/ REAGENDAMENTO;CALLS REALIZADAS/AGENDADAS;CALLS REALIZADAS;CONVERSÃO VENDA;VENDAS REALIZADAS;FATURAMENTO;TICKET MÉDIO;CPL;CPRA;CPA;ROI;ATIVADOS;CONDUZIDOS;AGENDADO;ONG;ATIVADOS;CONDUZIDOS;AGENDADO;ONG;;;;;;;;
;;;;;;;;;;;;;;;;;;;;;;;;;;;;;;;;;;;;;;
1;1;2024;;;;;;0;;;;;;;;;;;;;;;;;;;;;;;;;;;;;;
2;1;2024;;;;;;0;;;;;;;;;;;;;;;;;;;;;;;;;;;;;;
3;1;2024;;;;;;0;;;;;;;;;;;;;;;;;;;;;;;;;;;;;;
4;1;2024;;;;;;0;;;;;;;;;;;;;;;;;;;;;;;;;;;;;;
5;1;2024;;;;;;0;;;;;;;;;;;;;;;;;;;;;;;;;;;;;;
6;1;2024;;;;;;0;;;;;;;;;;;;;;;;;;;;;;;;;;;;;;
7;1;2024;;;;;;0;;;;;;;;;;;;;;;;;;;;;;;;;;;;;;
8;1;2024;;;;;;0;;;;;;;;;;;;;;;;;;;;;;;;;;;;;;
9;1;2024;;;;;;0;;;;;;;;;;;;;;;;;;;;;;;;;;;;;;
10;1;2024;;;;;;0;;;;;;;;;;;;;;;;;;;;;;;;;;;;;;
11;1;2024;;;;;;0;;;;;;;;;;;;;;;;;;;;;;;;;;;;;;
12;1;2024;;;;;;0;;;;;;;;;;;;;;;;;;;;;;;;;;;;;;
13;1;2024;;;;;;0;;;;;;;;;;;;;;;;;;;;;;;;;;;;;;
14;1;2024;;;;;;0;;;;;;;;;;;;;;;;;;;;;;;;;;;;;;
15;1;2024;;;;;;0;;;;;;;;;;;;;;;;;;;;;;;;;;;;;;
16;1;2024;;;;;;0;;;;;;;;;;;;;;;;;;;;;;;;;;;;;;
17;1;2024;;;;;;0;;;;;;;;;;;;;;;;;;;;;;;;;;;;;;
18;1;2024;;;;;;0;;;;;;;;;;;;;;;;;;;;;;;;;;;;;;
19;1;2024;;;;;;0;;;;;;;;;;;;;;;;;;;;;;;;;;;;;;
20;1;2024;;;;;;0;;;;;;;;;;;;;;;;;;;;;;;;;;;;;;
21;1;2024;;;;;;0;;;;;;;;;;;;;;;;;;;;;;;;;;;;;;
22;1;2024;;;;;;0;;;;;;;;;;;;;;;;;;;;;;;;;;;;;;
23;1;2024;;;;;;0;;;;;;;;;;;;;;;;;;;;;;;;;;;;;;
24;1;2024;;;;;;0;;;;;;;;;;;;;;;;;;;;;;;;;;;;;;
25;1;2024;;;;;;0;;;;;;;;;;;;;;;;;;;;;;;;;;;;;;
26;1;2024;;;;;;0;;;;;;;;;;;;;;;;;;;;;;;;;;;;;;
27;1;2024;;;;;;0;;;;;;;;;;;;;;;;;;;;;;;;;;;;;;
28;1;2024;;;;;;0;;;;;;;;;;;;;;;;;;;;;;;;;;;;;;
29;1;2024;;;;;;0;;;;;;;;;;;;;;;;;;;;;;;;;;;;;;
30;1;2024;;;;;;0;;;;;;;;;;;;;;;;;;;;;;;;;;;;;;
31;1;2024;;;;;;0;;;;;;;;;;;;;;;;;;;;;;;;;;;;;;
JANEIRO;;;R$ 0,00;1;100,00%;1;0,00%;0;100,00%;1;0,00%;0;100,00%;1;100%;1;R$ 0,00;R$ 0,00;R$ 0,00;R$ 0,00;R$ 0,00;R$ 0,00;0;0;0;0;0;0;0;0;;;;;;;;
1;2;2024;R$ 0,00;1;100,00%;1;0,00%;0;100,00%;1;0,00%;0;100,00%;1;100%;1;;R$ 0,00;R$ 0,00;R$ 0,00;R$ 0,00;R$ 0,00;0;0;0;0;0;0;0;0;;;;;;;;
2;2;2024;R$ 0,00;1;100,00%;1;0,00%;0;100,00%;1;0,00%;0;100,00%;1;100%;1;;R$ 0,00;R$ 0,00;R$ 0,00;R$ 0,00;R$ 0,00;0;0;0;0;0;0;0;0;;;;;;;;
3;2;2024;R$ 0,00;1;100,00%;1;0,00%;0;100,00%;1;0,00%;0;100,00%;1;100%;1;;R$ 0,00;R$ 0,00;R$ 0,00;R$ 0,00;R$ 0,00;0;0;0;0;0;0;0;0;;;;;;;;
4;2;2024;R$ 0,00;1;100,00%;1;0,00%;0;100,00%;1;0,00%;0;100,00%;1;100%;1;;R$ 0,00;R$ 0,00;R$ 0,00;R$ 0,00;R$ 0,00;0;0;0;0;0;0;0;0;;;;;;;;
5;2;2024;R$ 0,00;1;100,00%;1;0,00%;0;100,00%;1;0,00%;0;100,00%;1;100%;1;;R$ 0,00;R$ 0,00;R$ 0,00;R$ 0,00;R$ 0,00;0;0;0;0;0;0;0;0;;;;;;;;
6;2;2024;R$ 0,00;1;100,00%;1;0,00%;0;100,00%;1;0,00%;0;100,00%;1;100%;1;;R$ 0,00;R$ 0,00;R$ 0,00;R$ 0,00;R$ 0,00;0;0;0;0;0;0;0;0;;;;;;;;
7;2;2024;R$ 0,00;1;100,00%;1;0,00%;0;100,00%;1;0,00%;0;100,00%;1;100%;1;;R$ 0,00;R$ 0,00;R$ 0,00;R$ 0,00;R$ 0,00;0;0;0;0;0;0;0;0;;;;;;;;
8;2;2024;R$ 0,00;1;100,00%;1;0,00%;0;100,00%;1;0,00%;0;100,00%;1;100%;1;;R$ 0,00;R$ 0,00;R$ 0,00;R$ 0,00;R$ 0,00;0;0;0;0;0;0;0;0;;;;;;;;
9;2;2024;R$ 0,00;1;100,00%;1;0,00%;0;100,00%;1;0,00%;0;100,00%;1;100%;1;;R$ 0,00;R$ 0,00;R$ 0,00;R$ 0,00;R$ 0,00;0;0;0;0;0;0;0;0;;;;;;;;
10;2;2024;R$ 0,00;1;100,00%;1;0,00%;0;100,00%;1;0,00%;0;100,00%;1;100%;1;;R$ 0,00;R$ 0,00;R$ 0,00;R$ 0,00;R$ 0,00;0;0;0;0;0;0;0;0;;;;;;;;
11;2;2024;R$ 0,00;1;100,00%;1;0,00%;0;100,00%;1;0,00%;0;100,00%;1;100%;1;;R$ 0,00;R$ 0,00;R$ 0,00;R$ 0,00;R$ 0,00;0;0;0;0;0;0;0;0;;;;;;;;
12;2;2024;R$ 0,00;1;100,00%;1;0,00%;0;100,00%;1;0,00%;0;100,00%;1;100%;1;;R$ 0,00;R$ 0,00;R$ 0,00;R$ 0,00;R$ 0,00;0;0;0;0;0;0;0;0;;;;;;;;
13;2;2024;R$ 0,00;1;100,00%;1;0,00%;0;100,00%;1;0,00%;0;100,00%;1;100%;1;;R$ 0,00;R$ 0,00;R$ 0,00;R$ 0,00;R$ 0,00;0;0;0;0;0;0;0;0;;;;;;;;
14;2;2024;R$ 0,00;1;100,00%;1;0,00%;0;100,00%;1;0,00%;0;100,00%;1;100%;1;;R$ 0,00;R$ 0,00;R$ 0,00;R$ 0,00;R$ 0,00;0;0;0;0;0;0;0;0;;;;;;;;
15;2;2024;R$ 0,00;1;100,00%;1;0,00%;0;100,00%;1;0,00%;0;100,00%;1;100%;1;;R$ 0,00;R$ 0,00;R$ 0,00;R$ 0,00;R$ 0,00;0;0;0;0;0;0;0;0;;;;;;;;
16;2;2024;R$ 0,00;1;100,00%;1;0,00%;0;100,00%;1;0,00%;0;100,00%;1;100%;1;;R$ 0,00;R$ 0,00;R$ 0,00;R$ 0,00;R$ 0,00;0;0;0;0;0;0;0;0;;;;;;;;
17;2;2024;R$ 0,00;1;100,00%;1;0,00%;0;100,00%;1;0,00%;0;100,00%;1;100%;1;;R$ 0,00;R$ 0,00;R$ 0,00;R$ 0,00;R$ 0,00;0;0;0;0;0;0;0;0;;;;;;;;
18;2;2024;R$ 0,00;1;100,00%;1;0,00%;0;100,00%;1;0,00%;0;100,00%;1;100%;1;;R$ 0,00;R$ 0,00;R$ 0,00;R$ 0,00;R$ 0,00;0;0;0;0;0;0;0;0;;;;;;;;
19;2;2024;R$ 0,00;1;100,00%;1;0,00%;0;100,00%;1;0,00%;0;100,00%;1;100%;1;;R$ 0,00;R$ 0,00;R$ 0,00;R$ 0,00;R$ 0,00;0;0;0;0;0;0;0;0;;;;;;;;
20;2;2024;R$ 0,00;1;100,00%;1;0,00%;0;100,00%;1;0,00%;0;100,00%;1;100%;1;;R$ 0,00;R$ 0,00;R$ 0,00;R$ 0,00;R$ 0,00;0;0;0;0;0;0;0;0;;;;;;;;
21;2;2024;R$ 0,00;1;100,00%;1;0,00%;0;100,00%;1;0,00%;0;100,00%;1;100%;1;;R$ 0,00;R$ 0,00;R$ 0,00;R$ 0,00;R$ 0,00;0;0;0;0;0;0;0;0;;;;;;;;
22;2;2024;R$ 0,00;1;100,00%;1;0,00%;0;100,00%;1;0,00%;0;100,00%;1;100%;1;;R$ 0,00;R$ 0,00;R$ 0,00;R$ 0,00;R$ 0,00;0;0;0;0;0;0;0;0;;;;;;;;
23;2;2024;R$ 0,00;1;100,00%;1;0,00%;0;100,00%;1;0,00%;0;100,00%;1;100%;1;;R$ 0,00;R$ 0,00;R$ 0,00;R$ 0,00;R$ 0,00;0;0;0;0;0;0;0;0;;;;;;;;
24;2;2024;R$ 0,00;1;100,00%;1;0,00%;0;100,00%;1;0,00%;0;100,00%;1;100%;1;;R$ 0,00;R$ 0,00;R$ 0,00;R$ 0,00;R$ 0,00;0;0;0;0;0;0;0;0;;;;;;;;
25;2;2024;R$ 0,00;1;100,00%;1;0,00%;0;100,00%;1;0,00%;0;100,00%;1;100%;1;;R$ 0,00;R$ 0,00;R$ 0,00;R$ 0,00;R$ 0,00;0;0;0;0;0;0;0;0;;;;;;;;
26;2;2024;R$ 0,00;1;100,00%;1;0,00%;0;100,00%;1;0,00%;0;100,00%;1;100%;1;;R$ 0,00;R$ 0,00;R$ 0,00;R$ 0,00;R$ 0,00;0;0;0;0;0;0;0;0;;;;;;;;
27;2;2024;R$ 0,00;1;100,00%;1;0,00%;0;100,00%;1;0,00%;0;100,00%;1;100%;1;;R$ 0,00;R$ 0,00;R$ 0,00;R$ 0,00;R$ 0,00;0;0;0;0;0;0;0;0;;;;;;;;
28;2;2024;R$ 0,00;1;100,00%;1;0,00%;0;100,00%;1;0,00%;0;100,00%;1;100%;1;;R$ 0,00;R$ 0,00;R$ 0,00;R$ 0,00;R$ 0,00;0;0;0;0;0;0;0;0;;;;;;;;
FEVEREIRO;;;R$ 0,00;1;100,00%;1;0,00%;0;100,00%;1;0,00%;0;100,00%;1;100%;1;R$ 0,00;R$ 0,00;R$ 0,00;R$ 0,00;R$ 0,00;R$ 0,00;0;0;0;0;0;0;0;0;;;;;;;;
1;3;2024;R$ 0,00;1;100,00%;1;0,00%;0;100,00%;1;0,00%;0;100,00%;1;100%;1;;R$ 0,00;R$ 0,00;R$ 0,00;R$ 0,00;R$ 0,00;0;0;0;0;0;0;0;0;;;;;;;;
2;3;2024;R$ 0,00;1;100,00%;1;0,00%;0;100,00%;1;0,00%;0;100,00%;1;100%;1;;R$ 0,00;R$ 0,00;R$ 0,00;R$ 0,00;R$ 0,00;0;0;0;0;0;0;0;0;;;;;;;;
3;3;2024;R$ 0,00;1;100,00%;1;0,00%;0;100,00%;1;0,00%;0;100,00%;1;100%;1;;R$ 0,00;R$ 0,00;R$ 0,00;R$ 0,00;R$ 0,00;0;0;0;0;0;0;0;0;;;;;;;;
4;3;2024;R$ 0,00;1;100,00%;1;0,00%;0;100,00%;1;0,00%;0;100,00%;1;100%;1;;R$ 0,00;R$ 0,00;R$ 0,00;R$ 0,00;R$ 0,00;0;0;0;0;0;0;0;0;;;;;;;;
5;3;2024;R$ 0,00;1;100,00%;1;0,00%;0;100,00%;1;0,00%;0;100,00%;1;100%;1;;R$ 0,00;R$ 0,00;R$ 0,00;R$ 0,00;R$ 0,00;0;0;0;0;0;0;0;0;;;;;;;;
6;3;2024;R$ 0,00;1;100,00%;1;0,00%;0;100,00%;1;0,00%;0;100,00%;1;100%;1;;R$ 0,00;R$ 0,00;R$ 0,00;R$ 0,00;R$ 0,00;0;0;0;0;0;0;0;0;;;;;;;;
7;3;2024;R$ 0,00;1;100,00%;1;0,00%;0;100,00%;1;0,00%;0;100,00%;1;100%;1;;R$ 0,00;R$ 0,00;R$ 0,00;R$ 0,00;R$ 0,00;0;0;0;0;0;0;0;0;;;;;;;;
8;3;2024;R$ 0,00;1;100,00%;1;0,00%;0;100,00%;1;0,00%;0;100,00%;1;100%;1;;R$ 0,00;R$ 0,00;R$ 0,00;R$ 0,00;R$ 0,00;0;0;0;0;0;0;0;0;;;;;;;;
9;3;2024;R$ 0,00;1;100,00%;1;0,00%;0;100,00%;1;0,00%;0;100,00%;1;100%;1;;R$ 0,00;R$ 0,00;R$ 0,00;R$ 0,00;R$ 0,00;0;0;0;0;0;0;0;0;;;;;;;;
10;3;2024;R$ 0,00;1;100,00%;1;0,00%;0;100,00%;1;0,00%;0;100,00%;1;100%;1;;R$ 0,00;R$ 0,00;R$ 0,00;R$ 0,00;R$ 0,00;0;0;0;0;0;0;0;0;;;;;;;;
11;3;2024;R$ 0,00;1;100,00%;1;0,00%;0;100,00%;1;0,00%;0;100,00%;1;100%;1;;R$ 0,00;R$ 0,00;R$ 0,00;R$ 0,00;R$ 0,00;0;0;0;0;0;0;0;0;;;;;;;;
12;3;2024;R$ 0,00;1;100,00%;1;0,00%;0;100,00%;1;0,00%;0;100,00%;1;100%;1;;R$ 0,00;R$ 0,00;R$ 0,00;R$ 0,00;R$ 0,00;0;0;0;0;0;0;0;0;;;;;;;;
13;3;2024;R$ 0,00;1;100,00%;1;0,00%;0;100,00%;1;0,00%;0;100,00%;1;100%;1;;R$ 0,00;R$ 0,00;R$ 0,00;R$ 0,00;R$ 0,00;0;0;0;0;0;0;0;0;;;;;;;;
14;3;2024;R$ 0,00;1;100,00%;1;0,00%;0;100,00%;1;0,00%;0;100,00%;1;100%;1;;R$ 0,00;R$ 0,00;R$ 0,00;R$ 0,00;R$ 0,00;0;0;0;0;0;0;0;0;;;;;;;;
15;3;2024;R$ 0,00;1;100,00%;1;0,00%;0;100,00%;1;0,00%;0;100,00%;1;100%;1;;R$ 0,00;R$ 0,00;R$ 0,00;R$ 0,00;R$ 0,00;0;0;0;0;0;0;0;0;;;;;;;;
16;3;2024;R$ 0,00;1;100,00%;1;0,00%;0;100,00%;1;0,00%;0;100,00%;1;100%;1;;R$ 0,00;R$ 0,00;R$ 0,00;R$ 0,00;R$ 0,00;0;0;0;0;0;0;0;0;;;;;;;;
17;3;2024;R$ 0,00;1;100,00%;1;0,00%;0;100,00%;1;0,00%;0;100,00%;1;100%;1;;R$ 0,00;R$ 0,00;R$ 0,00;R$ 0,00;R$ 0,00;0;0;0;0;0;0;0;0;;;;;;;;
18;3;2024;R$ 0,00;1;100,00%;1;0,00%;0;100,00%;1;0,00%;0;100,00%;1;100%;1;;R$ 0,00;R$ 0,00;R$ 0,00;R$ 0,00;R$ 0,00;0;0;0;0;0;0;0;0;;;;;;;;
19;3;2024;R$ 0,00;1;100,00%;1;0,00%;0;100,00%;1;0,00%;0;100,00%;1;100%;1;;R$ 0,00;R$ 0,00;R$ 0,00;R$ 0,00;R$ 0,00;0;0;0;0;0;0;0;0;;;;;;;;
20;3;2024;R$ 0,00;1;100,00%;1;0,00%;0;100,00%;1;0,00%;0;100,00%;1;100%;1;;R$ 0,00;R$ 0,00;R$ 0,00;R$ 0,00;R$ 0,00;0;0;0;0;0;0;0;0;;;;;;;;
21;3;2024;R$ 0,00;1;100,00%;1;0,00%;0;100,00%;1;0,00%;0;100,00%;1;100%;1;;R$ 0,00;R$ 0,00;R$ 0,00;R$ 0,00;R$ 0,00;0;0;0;0;0;0;0;0;;;;;;;;
22;3;2024;R$ 0,00;1;100,00%;1;0,00%;0;100,00%;1;0,00%;0;100,00%;1;100%;1;;R$ 0,00;R$ 0,00;R$ 0,00;R$ 0,00;R$ 0,00;0;0;0;0;0;0;0;0;;;;;;;;
23;3;2024;R$ 0,00;1;100,00%;1;0,00%;0;100,00%;1;0,00%;0;100,00%;1;100%;1;;R$ 0,00;R$ 0,00;R$ 0,00;R$ 0,00;R$ 0,00;0;0;0;0;0;0;0;0;;;;;;;;
24;3;2024;R$ 0,00;1;100,00%;1;0,00%;0;100,00%;1;0,00%;0;100,00%;1;100%;1;;R$ 0,00;R$ 0,00;R$ 0,00;R$ 0,00;R$ 0,00;0;0;0;0;0;0;0;0;;;;;;;;
25;3;2024;R$ 0,00;1;100,00%;1;0,00%;0;100,00%;1;0,00%;0;100,00%;1;100%;1;;R$ 0,00;R$ 0,00;R$ 0,00;R$ 0,00;R$ 0,00;0;0;0;0;0;0;0;0;;;;;;;;
26;3;2024;R$ 0,00;1;100,00%;1;0,00%;0;100,00%;1;0,00%;0;100,00%;1;100%;1;;R$ 0,00;R$ 0,00;R$ 0,00;R$ 0,00;R$ 0,00;0;0;0;0;0;0;0;0;;;;;;;;
27;3;2024;R$ 0,00;1;100,00%;1;0,00%;0;100,00%;1;0,00%;0;100,00%;1;100%;1;;R$ 0,00;R$ 0,00;R$ 0,00;R$ 0,00;R$ 0,00;0;0;0;0;0;0;0;0;;;;;;;;
28;3;2024;R$ 0,00;1;100,00%;1;0,00%;0;100,00%;1;0,00%;0;100,00%;1;100%;1;;R$ 0,00;R$ 0,00;R$ 0,00;R$ 0,00;R$ 0,00;0;0;0;0;0;0;0;0;;;;;;;;
29;3;2024;R$ 0,00;1;100,00%;1;0,00%;0;100,00%;1;0,00%;0;100,00%;1;100%;1;;R$ 0,00;R$ 0,00;R$ 0,00;R$ 0,00;R$ 0,00;0;0;0;0;0;0;0;0;;;;;;;;
30;3;2024;R$ 0,00;1;100,00%;1;0,00%;0;100,00%;1;0,00%;0;100,00%;1;100%;1;;R$ 0,00;R$ 0,00;R$ 0,00;R$ 0,00;R$ 0,00;0;0;0;0;0;0;0;0;;;;;;;;
MARÇO;;;R$ 0,00;1;100,00%;1;0,00%;0;100,00%;1;0,00%;0;100,00%;1;100%;1;R$ 0,00;R$ 0,00;R$ 0,00;R$ 0,00;R$ 0,00;R$ 0,00;0;0;0;0;0;0;0;0;;;;;;;;
1;4;2024;R$ 0,00;1;100,00%;1;0,00%;0;100,00%;1;0,00%;0;100,00%;1;100%;1;;R$ 0,00;R$ 0,00;R$ 0,00;R$ 0,00;R$ 0,00;0;0;0;0;0;0;0;0;;;;;;;;
2;4;2024;R$ 0,00;1;100,00%;1;0,00%;0;100,00%;1;0,00%;0;100,00%;1;100%;1;;R$ 0,00;R$ 0,00;R$ 0,00;R$ 0,00;R$ 0,00;0;0;0;0;0;0;0;0;;;;;;;;
3;4;2024;R$ 0,00;1;100,00%;1;0,00%;0;100,00%;1;0,00%;0;100,00%;1;100%;1;;R$ 0,00;R$ 0,00;R$ 0,00;R$ 0,00;R$ 0,00;0;0;0;0;0;0;0;0;;;;;;;;
4;4;2024;R$ 0,00;1;100,00%;1;0,00%;0;100,00%;1;0,00%;0;100,00%;1;100%;1;;R$ 0,00;R$ 0,00;R$ 0,00;R$ 0,00;R$ 0,00;0;0;0;0;0;0;0;0;;;;;;;;
5;4;2024;R$ 0,00;1;100,00%;1;0,00%;0;100,00%;1;0,00%;0;100,00%;1;100%;1;;R$ 0,00;R$ 0,00;R$ 0,00;R$ 0,00;R$ 0,00;0;0;0;0;0;0;0;0;;;;;;;;
6;4;2024;R$ 0,00;1;100,00%;1;0,00%;0;100,00%;1;0,00%;0;100,00%;1;100%;1;;R$ 0,00;R$ 0,00;R$ 0,00;R$ 0,00;R$ 0,00;0;0;0;0;0;0;0;0;;;;;;;;
7;4;2024;R$ 0,00;1;100,00%;1;0,00%;0;100,00%;1;0,00%;0;100,00%;1;100%;1;;R$ 0,00;R$ 0,00;R$ 0,00;R$ 0,00;R$ 0,00;0;0;0;0;0;0;0;0;;;;;;;;
8;4;2024;R$ 0,00;1;100,00%;1;0,00%;0;100,00%;1;0,00%;0;100,00%;1;100%;1;;R$ 0,00;R$ 0,00;R$ 0,00;R$ 0,00;R$ 0,00;0;0;0;0;0;0;0;0;;;;;;;;
9;4;2024;R$ 0,00;1;100,00%;1;0,00%;0;100,00%;1;0,00%;0;100,00%;1;100%;1;;R$ 0,00;R$ 0,00;R$ 0,00;R$ 0,00;R$ 0,00;0;0;0;0;0;0;0;0;;;;;;;;
10;4;2024;R$ 0,00;1;100,00%;1;0,00%;0;100,00%;1;0,00%;0;100,00%;1;100%;1;;R$ 0,00;R$ 0,00;R$ 0,00;R$ 0,00;R$ 0,00;0;0;0;0;0;0;0;0;;;;;;;;
11;4;2024;R$ 0,00;1;100,00%;1;0,00%;0;100,00%;1;0,00%;0;100,00%;1;100%;1;;R$ 0,00;R$ 0,00;R$ 0,00;R$ 0,00;R$ 0,00;0;0;0;0;0;0;0;0;;;;;;;;
12;4;2024;R$ 0,00;1;100,00%;1;0,00%;0;100,00%;1;0,00%;0;100,00%;1;100%;1;;R$ 0,00;R$ 0,00;R$ 0,00;R$ 0,00;R$ 0,00;0;0;0;0;0;0;0;0;;;;;;;;
13;4;2024;R$ 0,00;1;100,00%;1;0,00%;0;100,00%;1;0,00%;0;100,00%;1;100%;1;;R$ 0,00;R$ 0,00;R$ 0,00;R$ 0,00;R$ 0,00;0;0;0;0;0;0;0;0;;;;;;;;
14;4;2024;R$ 0,00;1;100,00%;1;0,00%;0;100,00%;1;0,00%;0;100,00%;1;100%;1;;R$ 0,00;R$ 0,00;R$ 0,00;R$ 0,00;R$ 0,00;0;0;0;0;0;0;0;0;;;;;;;;
15;4;2024;R$ 0,00;1;100,00%;1;0,00%;0;100,00%;1;0,00%;0;100,00%;1;100%;1;;R$ 0,00;R$ 0,00;R$ 0,00;R$ 0,00;R$ 0,00;0;0;0;0;0;0;0;0;;;;;;;;
16;4;2024;R$ 0,00;1;100,00%;1;0,00%;0;100,00%;1;0,00%;0;100,00%;1;100%;1;;R$ 0,00;R$ 0,00;R$ 0,00;R$ 0,00;R$ 0,00;0;0;0;0;0;0;0;0;;;;;;;;
17;4;2024;R$ 0,00;1;100,00%;1;0,00%;0;100,00%;1;0,00%;0;100,00%;1;100%;1;;R$ 0,00;R$ 0,00;R$ 0,00;R$ 0,00;R$ 0,00;0;0;0;0;0;0;0;0;;;;;;;;
18;4;2024;R$ 0,00;1;100,00%;1;0,00%;0;100,00%;1;0,00%;0;100,00%;1;100%;1;;R$ 0,00;R$ 0,00;R$ 0,00;R$ 0,00;R$ 0,00;0;0;0;0;0;0;0;0;;;;;;;;
19;4;2024;R$ 0,00;1;100,00%;1;0,00%;0;100,00%;1;0,00%;0;100,00%;1;100%;1;;R$ 0,00;R$ 0,00;R$ 0,00;R$ 0,00;R$ 0,00;0;0;0;0;0;0;0;0;;;;;;;;
20;4;2024;R$ 0,00;1;100,00%;1;0,00%;0;100,00%;1;0,00%;0;100,00%;1;100%;1;;R$ 0,00;R$ 0,00;R$ 0,00;R$ 0,00;R$ 0,00;0;0;0;0;0;0;0;0;;;;;;;;
21;4;2024;R$ 0,00;1;100,00%;1;0,00%;0;100,00%;1;0,00%;0;100,00%;1;100%;1;;R$ 0,00;R$ 0,00;R$ 0,00;R$ 0,00;R$ 0,00;0;0;0;0;0;0;0;0;;;;;;;;
22;4;2024;R$ 0,00;1;100,00%;1;0,00%;0;100,00%;1;0,00%;0;100,00%;1;100%;1;;R$ 0,00;R$ 0,00;R$ 0,00;R$ 0,00;R$ 0,00;0;0;0;0;0;0;0;0;;;;;;;;
23;4;2024;R$ 0,00;1;100,00%;1;0,00%;0;100,00%;1;0,00%;0;100,00%;1;100%;1;;R$ 0,00;R$ 0,00;R$ 0,00;R$ 0,00;R$ 0,00;0;0;0;0;0;0;0;0;;;;;;;;
24;4;2024;R$ 0,00;1;100,00%;1;0,00%;0;100,00%;1;0,00%;0;100,00%;1;100%;1;;R$ 0,00;R$ 0,00;R$ 0,00;R$ 0,00;R$ 0,00;0;0;0;0;0;0;0;0;;;;;;;;
25;4;2024;R$ 0,00;1;100,00%;1;0,00%;0;100,00%;1;0,00%;0;100,00%;1;100%;1;;R$ 0,00;R$ 0,00;R$ 0,00;R$ 0,00;R$ 0,00;0;0;0;0;0;0;0;0;;;;;;;;
26;4;2024;R$ 0,00;1;100,00%;1;0,00%;0;100,00%;1;0,00%;0;100,00%;1;100%;1;;R$ 0,00;R$ 0,00;R$ 0,00;R$ 0,00;R$ 0,00;0;0;0;0;0;0;0;0;;;;;;;;
27;4;2024;R$ 0,00;1;100,00%;1;0,00%;0;100,00%;1;0,00%;0;100,00%;1;100%;1;;R$ 0,00;R$ 0,00;R$ 0,00;R$ 0,00;R$ 0,00;0;0;0;0;0;0;0;0;;;;;;;;
28;4;2024;R$ 0,00;1;100,00%;1;0,00%;0;100,00%;1;0,00%;0;100,00%;1;100%;1;;R$ 0,00;R$ 0,00;R$ 0,00;R$ 0,00;R$ 0,00;0;0;0;0;0;0;0;0;;;;;;;;
29;4;2024;R$ 0,00;1;100,00%;1;0,00%;0;100,00%;1;0,00%;0;100,00%;1;100%;1;;R$ 0,00;R$ 0,00;R$ 0,00;R$ 0,00;R$ 0,00;0;0;0;0;0;0;0;0;;;;;;;;
30;4;2024;R$ 0,00;1;100,00%;1;0,00%;0;100,00%;1;0,00%;0;100,00%;1;100%;1;;R$ 0,00;R$ 0,00;R$ 0,00;R$ 0,00;R$ 0,00;0;0;0;0;0;0;0;0;;;;;;;;
31;4;2024;R$ 0,00;1;100,00%;1;0,00%;0;100,00%;1;0,00%;0;100,00%;1;100%;1;;R$ 0,00;R$ 0,00;R$ 0,00;R$ 0,00;R$ 0,00;0;0;0;0;0;0;0;0;;;;;;;;
ABRIL;;;R$ 0,00;1;100,00%;1;0,00%;0;100,00%;1;0,00%;0;100,00%;1;100%;1;R$ 0,00;R$ 0,00;R$ 0,00;R$ 0,00;R$ 0,00;R$ 0,00;0;0;0;0;0;0;0;0;;;;;;;;
1;5;2024;R$ 0,00;1;100,00%;1;0,00%;;100,00%;1;0,00%;0;100,00%;1;100%;1;;R$ 0,00;R$ 0,00;R$ 0,00;R$ 0,00;R$ 0,00;0;0;0;0;0;0;0;0;;;;;;;;
2;5;2024;R$ 0,00;1;100,00%;1;0,00%;0;100,00%;1;0,00%;0;100,00%;1;100%;1;;R$ 0,00;R$ 0,00;R$ 0,00;R$ 0,00;R$ 0,00;0;0;0;0;0;0;0;0;;;;;;;;
3;5;2024;R$ 0,00;1;100,00%;1;0,00%;0;100,00%;1;0,00%;0;100,00%;1;100%;1;;R$ 0,00;R$ 0,00;R$ 0,00;R$ 0,00;R$ 0,00;0;0;0;0;0;0;0;0;;;;;;;;
4;5;2024;R$ 0,00;1;100,00%;1;0,00%;0;100,00%;1;0,00%;0;100,00%;1;100%;1;;R$ 0,00;R$ 0,00;R$ 0,00;R$ 0,00;R$ 0,00;0;0;0;0;0;0;0;0;;;;;;;;
5;5;2024;R$ 0,00;1;100,00%;1;0,00%;0;100,00%;1;0,00%;0;100,00%;1;100%;1;;R$ 0,00;R$ 0,00;R$ 0,00;R$ 0,00;R$ 0,00;0;0;0;0;0;0;0;0;;;;;;;;
6;5;2024;R$ 0,00;1;100,00%;1;0,00%;0;100,00%;1;0,00%;0;100,00%;1;100%;1;;R$ 0,00;R$ 0,00;R$ 0,00;R$ 0,00;R$ 0,00;0;0;0;0;0;0;0;0;;;;;;;;
7;5;2024;R$ 0,00;1;100,00%;1;0,00%;0;100,00%;1;0,00%;0;100,00%;1;100%;1;;R$ 0,00;R$ 0,00;R$ 0,00;R$ 0,00;R$ 0,00;0;0;0;0;0;0;0;0;;;;;;;;
8;5;2024;R$ 0,00;1;100,00%;1;0,00%;0;100,00%;1;0,00%;0;100,00%;1;100%;1;;R$ 0,00;R$ 0,00;R$ 0,00;R$ 0,00;R$ 0,00;0;0;0;0;0;0;0;0;;;;;;;;
9;5;2024;R$ 0,00;1;100,00%;1;0,00%;0;100,00%;1;0,00%;0;100,00%;1;100%;1;;R$ 0,00;R$ 0,00;R$ 0,00;R$ 0,00;R$ 0,00;0;0;0;0;0;0;0;0;;;;;;;;
10;5;2024;R$ 0,00;1;100,00%;1;0,00%;0;100,00%;1;0,00%;0;100,00%;1;100%;1;;R$ 0,00;R$ 0,00;R$ 0,00;R$ 0,00;R$ 0,00;0;0;0;0;0;0;0;0;;;;;;;;
11;5;2024;R$ 0,00;1;100,00%;1;0,00%;0;100,00%;1;0,00%;0;100,00%;1;100%;1;;R$ 0,00;R$ 0,00;R$ 0,00;R$ 0,00;R$ 0,00;0;0;0;0;0;0;0;0;;;;;;;;
12;5;2024;R$ 0,00;1;100,00%;1;0,00%;0;100,00%;1;0,00%;0;100,00%;1;100%;1;;R$ 0,00;R$ 0,00;R$ 0,00;R$ 0,00;R$ 0,00;0;0;0;0;0;0;0;0;;;;;;;;
13;5;2024;R$ 0,00;1;100,00%;1;0,00%;0;100,00%;1;0,00%;0;100,00%;1;100%;1;;R$ 0,00;R$ 0,00;R$ 0,00;R$ 0,00;R$ 0,00;0;0;0;0;0;0;0;0;;;;;;;;
14;5;2024;R$ 0,00;1;100,00%;1;0,00%;0;100,00%;1;0,00%;0;100,00%;1;100%;1;;R$ 0,00;R$ 0,00;R$ 0,00;R$ 0,00;R$ 0,00;0;0;0;0;0;0;0;0;;;;;;;;
15;5;2024;R$ 0,00;1;100,00%;1;0,00%;0;100,00%;1;0,00%;0;100,00%;1;100%;1;;R$ 0,00;R$ 0,00;R$ 0,00;R$ 0,00;R$ 0,00;0;0;0;0;0;0;0;0;;;;;;;;
16;5;2024;R$ 0,00;1;100,00%;1;0,00%;0;100,00%;1;0,00%;0;100,00%;1;100%;1;;R$ 0,00;R$ 0,00;R$ 0,00;R$ 0,00;R$ 0,00;0;0;0;0;0;0;0;0;;;;;;;;
17;5;2024;R$ 0,00;1;100,00%;1;0,00%;0;100,00%;1;0,00%;0;100,00%;1;100%;1;;R$ 0,00;R$ 0,00;R$ 0,00;R$ 0,00;R$ 0,00;0;0;0;0;0;0;0;0;;;;;;;;
18;5;2024;R$ 0,00;1;100,00%;1;0,00%;0;100,00%;1;0,00%;0;100,00%;1;100%;1;;R$ 0,00;R$ 0,00;R$ 0,00;R$ 0,00;R$ 0,00;0;0;0;0;0;0;0;0;;;;;;;;
19;5;2024;R$ 0,00;1;100,00%;1;0,00%;0;100,00%;1;0,00%;0;100,00%;1;100%;1;;R$ 0,00;R$ 0,00;R$ 0,00;R$ 0,00;R$ 0,00;0;0;0;0;0;0;0;0;;;;;;;;
20;5;2024;R$ 0,00;1;100,00%;1;0,00%;0;100,00%;1;0,00%;0;100,00%;1;100%;1;;R$ 0,00;R$ 0,00;R$ 0,00;R$ 0,00;R$ 0,00;0;0;0;0;0;0;0;0;;;;;;;;
21;5;2024;R$ 0,00;1;100,00%;1;0,00%;0;100,00%;1;0,00%;0;100,00%;1;100%;1;;R$ 0,00;R$ 0,00;R$ 0,00;R$ 0,00;R$ 0,00;0;0;0;0;0;0;0;0;;;;;;;;
22;5;2024;R$ 0,00;1;100,00%;1;0,00%;0;100,00%;1;0,00%;0;100,00%;1;100%;1;;R$ 0,00;R$ 0,00;R$ 0,00;R$ 0,00;R$ 0,00;0;0;0;0;0;0;0;0;;;;;;;;
23;5;2024;R$ 0,00;1;100,00%;1;0,00%;0;100,00%;1;0,00%;0;100,00%;1;100%;1;;R$ 0,00;R$ 0,00;R$ 0,00;R$ 0,00;R$ 0,00;0;0;0;0;0;0;0;0;;;;;;;;
24;5;2024;R$ 0,00;1;100,00%;1;0,00%;0;100,00%;1;0,00%;0;100,00%;1;100%;1;;R$ 0,00;R$ 0,00;R$ 0,00;R$ 0,00;R$ 0,00;0;0;0;0;0;0;0;0;;;;;;;;
25;5;2024;R$ 0,00;1;100,00%;1;0,00%;0;100,00%;1;0,00%;0;100,00%;1;100%;1;;R$ 0,00;R$ 0,00;R$ 0,00;R$ 0,00;R$ 0,00;0;0;0;0;0;0;0;0;;;;;;;;
26;5;2024;R$ 0,00;1;100,00%;1;0,00%;0;100,00%;1;0,00%;0;100,00%;1;100%;1;;R$ 0,00;R$ 0,00;R$ 0,00;R$ 0,00;R$ 0,00;0;0;0;0;0;0;0;0;;;;;;;;
27;5;2024;R$ 0,00;1;100,00%;1;0,00%;0;100,00%;1;0,00%;0;100,00%;1;100%;1;;R$ 0,00;R$ 0,00;R$ 0,00;R$ 0,00;R$ 0,00;0;0;0;0;0;0;0;0;;;;;;;;
28;5;2024;R$ 0,00;1;100,00%;1;0,00%;0;100,00%;1;0,00%;0;100,00%;1;100%;1;;R$ 0,00;R$ 0,00;R$ 0,00;R$ 0,00;R$ 0,00;0;0;0;0;0;0;0;0;;;;;;;;
29;5;2024;R$ 0,00;1;100,00%;1;0,00%;0;100,00%;1;0,00%;0;100,00%;1;100%;1;;R$ 0,00;R$ 0,00;R$ 0,00;R$ 0,00;R$ 0,00;0;0;0;0;0;0;0;0;;;;;;;;
30;5;2024;R$ 0,00;1;100,00%;1;0,00%;0;100,00%;1;0,00%;0;100,00%;1;100%;1;;R$ 0,00;R$ 0,00;R$ 0,00;R$ 0,00;R$ 0,00;0;0;0;0;0;0;0;0;;;;;;;;
31;5;2024;R$ 0,00;1;100,00%;1;0,00%;0;100,00%;1;0,00%;0;100,00%;1;100%;1;;R$ 0,00;R$ 0,00;R$ 0,00;R$ 0,00;R$ 0,00;0;0;0;0;0;0;0;0;;;;;;;;
MAIO;;;R$ 0,00;1;100,00%;1;0,00%;0;100,00%;1;0,00%;0;100,00%;1;100%;1;R$ 0,00;R$ 0,00;R$ 0,00;R$ 0,00;R$ 0,00;R$ 0,00;0;0;0;0;0;0;0;0;;;;;;;;
1;6;2024;R$ 2.000,00;285;28,77%;82;78,05%;64;21,95%;18;100,00%;18;0,00%;;;;;;R$ 24,39;R$ 111,11;;-R$ 2.000,00;0;0;0;0;0;0;0;0;;;;;;;;
2;6;2024;R$ 2.000,00;;;;;0;;;;0;;;;;;;;;;-R$ 2.000,00;0;0;0;0;0;0;0;0;;;;;;;;
3;6;2024;R$ 2.000,00;;;;;0;;;;0;;;;;;;;;;-R$ 2.000,00;0;0;0;0;0;0;0;0;;;;;;;;
4;6;2024;R$ 2.000,00;;;;;0;;;;0;;;;;;;;;;-R$ 2.000,00;0;0;0;0;0;0;0;0;;;;;;;;
5;6;2024;R$ 2.000,00;;;;;0;;;;0;;;;;;;;;;-R$ 2.000,00;0;0;0;0;0;0;0;0;;;;;;;;
6;6;2024;R$ 2.000,00;;;;;0;;;;0;;;;;;;;;;-R$ 2.000,00;0;0;0;0;0;0;0;0;;;;;;;;
7;6;2024;R$ 2.000,00;;;;;0;;;;0;;;;;;;;;;-R$ 2.000,00;0;0;0;0;0;0;0;0;;;;;;;;
8;6;2024;R$ 2.000,00;;;;;0;;;;0;;;;;;;;;;-R$ 2.000,00;0;0;0;0;0;0;0;0;;;;;;;;
9;6;2024;R$ 2.000,00;;;;;0;;;;0;;;;;;;;;;-R$ 2.000,00;0;0;0;0;0;0;0;0;;;;;;;;
10;6;2024;R$ 2.000,00;;;;;0;;;;0;;;;;;;;;;-R$ 2.000,00;0;0;0;0;0;0;0;0;;;;;;;;
11;6;2024;R$ 2.000,00;;;;;0;;;;0;;;;;;;;;;-R$ 2.000,00;0;0;0;0;0;0;0;0;;;;;;;;
12;6;2024;R$ 2.000,00;;;;;0;;;;0;;;;;;;;;;-R$ 2.000,00;0;0;0;0;0;0;0;0;;;;;;;;
13;6;2024;R$ 2.000,00;;;;;0;;;;0;;;;;;;;;;-R$ 2.000,00;0;0;0;0;0;0;0;0;;;;;;;;
14;6;2024;R$ 2.000,00;;;;;0;;;;0;;;;;;;;;;-R$ 2.000,00;0;0;0;0;0;0;0;0;;;;;;;;
15;6;2024;R$ 2.000,00;;;;;0;;;;0;;;;;;;;;;-R$ 2.000,00;0;0;0;0;0;0;0;0;;;;;;;;
16;6;2024;R$ 2.000,00;;;;;0;;;;0;;;;;;;;;;-R$ 2.000,00;0;0;0;0;0;0;0;0;;;;;;;;
17;6;2024;R$ 2.000,00;;;;;0;;;;0;;;;;;;;;;-R$ 2.000,00;0;0;0;0;0;0;0;0;;;;;;;;
18;6;2024;R$ 2.000,00;;;;;0;;;;0;;;;;;;;;;-R$ 2.000,00;0;0;0;0;0;0;0;0;;;;;;;;
19;6;2024;R$ 2.000,00;;;;;0;;;;0;;;;;;;;;;-R$ 2.000,00;0;0;0;0;0;0;0;0;;;;;;;;
20;6;2024;R$ 2.000,00;;;;;0;;;;0;;;;;;;;;;-R$ 2.000,00;0;0;0;0;0;0;0;0;;;;;;;;
21;6;2024;R$ 2.000,00;;;;;0;;;;0;;;;;;;;;;-R$ 2.000,00;0;0;0;0;0;0;0;0;;;;;;;;
22;6;2024;R$ 2.000,00;;;;;0;;;;0;;;;;;;;;;-R$ 2.000,00;0;0;0;0;0;0;0;0;;;;;;;;
23;6;2024;R$ 2.000,00;;;;;0;;;;0;;;;;;;;;;-R$ 2.000,00;0;0;0;0;0;0;0;0;;;;;;;;
24;6;2024;R$ 2.000,00;;;;;0;;;;0;;;;;;;;;;-R$ 2.000,00;0;0;0;0;0;0;0;0;;;;;;;;
25;6;2024;R$ 2.000,00;;;;;0;;;;0;;;;;;;;;;-R$ 2.000,00;0;0;0;0;0;0;0;0;;;;;;;;
26;6;2024;R$ 2.000,00;;;;;0;;;;0;;;;;;;;;;-R$ 2.000,00;0;0;0;0;0;0;0;0;;;;;;;;
27;6;2024;R$ 2.000,00;;;;;0;;;;0;;;;;;;;;;-R$ 2.000,00;0;0;0;0;0;0;0;0;;;;;;;;
28;6;2024;R$ 2.000,00;;;;;0;;;;0;;;;;;;;;;-R$ 2.000,00;0;0;0;0;0;0;0;0;;;;;;;;
29;6;2024;R$ 2.000,00;;;;;0;;;;0;;;;;;;;;;-R$ 2.000,00;0;0;0;0;0;0;0;0;;;;;;;;
30;6;2024;R$ 2.000,00;;;;;0;;;;0;;;;;;;;;;-R$ 2.000,00;0;0;0;0;0;0;0;0;;;;;;;;
31;6;2024;R$ 2.000,00;;;;;0;;;;0;;;;;;;;;;-R$ 2.000,00;0;0;0;0;0;0;0;0;;;;;;;;
JUNHO;;;R$ 600,00;352;11,93%;42;92,86%;39;7,14%;3;100,00%;3,00;0,00%;0;;0;R$ 0,00;;R$ 14,29;R$ 200,00;;-R$ 600,00;R$ 0,00;R$ 0,00;R$ 0,00;R$ 0,00;R$ 0,00;R$ 0,00;R$ 0,00;R$ 0,00;;;;;;;;
R$ 1,00;R$ 7,00;R$ 2.024,00;R$ 2.000,00;646;17,80%;115;73,04%;84;26,96%;31;100,00%;31,00;0,00%;;;15;R$ 30.000,00;R$ 2.000,00;R$ 17,39;R$ 64,52;R$ 133,33;R$ 28.000,00;;;;;;;;;;;;;;;;
R$ 2,00;R$ 7,00;R$ 2.024,00;R$ 2.000,00;;;;;0;;;;0,00;;;;;R$ 30.000,00;;;;;R$ 28.000,00;;;;;;;;;;;;;;;;
R$ 3,00;R$ 7,00;R$ 2.024,00;R$ 2.000,00;;;;;0;;;;0,00;;;;;R$ 30.000,00;;;;;R$ 28.000,00;;;;;;;;;;;;;;;;
R$ 4,00;R$ 7,00;R$ 2.024,00;R$ 2.000,00;;;;;0;;;;0,00;;;;;R$ 30.000,00;;;;;R$ 28.000,00;;;;;;;;;;;;;;;;
R$ 5,00;R$ 7,00;R$ 2.024,00;R$ 2.000,00;;;;;0;;;;0,00;;;;;R$ 30.000,00;;;;;R$ 28.000,00;;;;;;;;;;;;;;;;
R$ 6,00;R$ 7,00;R$ 2.024,00;R$ 2.000,00;;;;;0;;;;0,00;;;;;R$ 30.000,00;;;;;R$ 28.000,00;;;;;;;;;;;;;;;;
R$ 7,00;R$ 7,00;R$ 2.024,00;R$ 2.000,00;;;;;0;;;;0,00;;;;;R$ 30.000,00;;;;;R$ 28.000,00;;;;;;;;;;;;;;;;
R$ 8,00;R$ 7,00;R$ 2.024,00;R$ 2.000,00;;;;;0;;;;0,00;;;;;R$ 30.000,00;;;;;R$ 28.000,00;;;;;;;;;;;;;;;;
R$ 9,00;R$ 7,00;R$ 2.024,00;R$ 2.000,00;;;;;0;;;;0,00;;;;;R$ 30.000,00;;;;;R$ 28.000,00;;;;;;;;;;;;;;;;
R$ 10,00;R$ 7,00;R$ 2.024,00;R$ 2.000,00;;;;;0;;;;0,00;;;;;R$ 30.000,00;;;;;R$ 28.000,00;;;;;;;;;;;;;;;;
R$ 11,00;R$ 7,00;R$ 2.024,00;R$ 2.000,00;;;;;0;;;;0,00;;;;;R$ 30.000,00;;;;;R$ 28.000,00;;;;;;;;;;;;;;;;
R$ 12,00;R$ 7,00;R$ 2.024,00;R$ 2.000,00;;;;;0;;;;0,00;;;;;R$ 30.000,00;;;;;R$ 28.000,00;;;;;;;;;;;;;;;;
R$ 13,00;R$ 7,00;R$ 2.024,00;R$ 2.000,00;;;;;0;;;;0,00;;;;;R$ 30.000,00;;;;;R$ 28.000,00;;;;;;;;;;;;;;;;
R$ 14,00;R$ 7,00;R$ 2.024,00;R$ 2.000,00;;;;;0;;;;0,00;;;;;R$ 30.000,00;;;;;R$ 28.000,00;;;;;;;;;;;;;;;;
R$ 15,00;R$ 7,00;R$ 2.024,00;R$ 2.000,00;;;;;0;;;;0,00;;;;;R$ 30.000,00;;;;;R$ 28.000,00;;;;;;;;;;;;;;;;
R$ 16,00;R$ 7,00;R$ 2.024,00;R$ 2.000,00;;;;;0;;;;0,00;;;;;R$ 30.000,00;;;;;R$ 28.000,00;;;;;;;;;;;;;;;;
R$ 17,00;R$ 7,00;R$ 2.024,00;R$ 2.000,00;;;;;0;;;;0,00;;;;;R$ 30.000,00;;;;;R$ 28.000,00;;;;;;;;;;;;;;;;
R$ 18,00;R$ 7,00;R$ 2.024,00;R$ 2.000,00;;;;;0;;;;0,00;;;;;R$ 30.000,00;;;;;R$ 28.000,00;;;;;;;;;;;;;;;;
R$ 19,00;R$ 7,00;R$ 2.024,00;R$ 2.000,00;;;;;0;;;;0,00;;;;;R$ 30.000,00;;;;;R$ 28.000,00;;;;;;;;;;;;;;;;
R$ 20,00;R$ 7,00;R$ 2.024,00;R$ 2.000,00;;;;;0;;;;0,00;;;;;R$ 30.000,00;;;;;R$ 28.000,00;;;;;;;;;;;;;;;;
R$ 21,00;R$ 7,00;R$ 2.024,00;R$ 2.000,00;;;;;0;;;;0,00;;;;;R$ 30.000,00;;;;;R$ 28.000,00;;;;;;;;;;;;;;;;
R$ 22,00;R$ 7,00;R$ 2.024,00;R$ 2.000,00;;;;;0;;;;0,00;;;;;R$ 30.000,00;;;;;R$ 28.000,00;;;;;;;;;;;;;;;;
R$ 23,00;R$ 7,00;R$ 2.024,00;R$ 2.000,00;;;;;0;;;;0,00;;;;;R$ 30.000,00;;;;;R$ 28.000,00;;;;;;;;;;;;;;;;
R$ 24,00;R$ 7,00;R$ 2.024,00;R$ 2.000,00;;;;;0;;;;0,00;;;;;R$ 30.000,00;;;;;R$ 28.000,00;;;;;;;;;;;;;;;;
R$ 25,00;R$ 7,00;R$ 2.024,00;R$ 2.000,00;;;;;0;;;;0,00;;;;;R$ 30.000,00;;;;;R$ 28.000,00;;;;;;;;;;;;;;;;
R$ 26,00;R$ 7,00;R$ 2.024,00;R$ 2.000,00;;;;;0;;;;0,00;;;;;R$ 30.000,00;;;;;R$ 28.000,00;;;;;;;;;;;;;;;;
R$ 27,00;R$ 7,00;R$ 2.024,00;R$ 2.000,00;;;;;0;;;;0,00;;;;;R$ 30.000,00;;;;;R$ 28.000,00;;;;;;;;;;;;;;;;
R$ 28,00;R$ 7,00;R$ 2.024,00;R$ 2.000,00;;;;;0;;;;0,00;;;;;R$ 30.000,00;;;;;R$ 28.000,00;;;;;;;;;;;;;;;;
R$ 29,00;R$ 7,00;R$ 2.024,00;R$ 2.000,00;;;;;0;;;;0,00;;;;;R$ 30.000,00;;;;;R$ 28.000,00;;;;;;;;;;;;;;;;
R$ 30,00;R$ 7,00;R$ 2.024,00;R$ 2.000,00;;;;;0;;;;0,00;;;;;R$ 30.000,00;;;;;R$ 28.000,00;;;;;;;;;;;;;;;;
R$ 31,00;R$ 7,00;R$ 2.024,00;R$ 2.000,00;;;;;;;;;0,00;;;;;R$ 30.000,00;;;;;R$ 28.000,00;;;;;;;;;;;;;;;;
JULHO;;;R$ 600,00;665;17,14%;114;85,96%;98;14,04%;16;50,00%;8,00;50,00%;8;38%;3;R$ 0,00;R$ 0,00;R$ 5,26;R$ 37,50;R$ 200,00;-R$ 600,00;R$ 0,00;R$ 0,00;R$ 0,00;R$ 0,00;R$ 0,00;R$ 0,00;R$ 0,00;R$ 0,00;;;;;;;;
1;8;2024;;;;;;0;;;;0;;;;;;;;;;R$ 0,00;;;;;;;;;;;;;;;;
2;8;2024;;;;;;0;;;;0;;;;;;;;;;R$ 0,00;;;;;;;;;;;;;;;;
3;8;2024;;;;;;0;;;;0;;;;;;;;;;R$ 0,00;;;;;;;;;;;;;;;;
4;8;2024;;;;;;0;;;;0;;;;;;;;;;R$ 0,00;;;;;;;;;;;;;;;;
5;8;2024;;;;;;0;;;;0;;;;;;;;;;R$ 0,00;;;;;;;;;;;;;;;;
6;8;2024;;;;;;0;;;;0;;;;;;;;;;R$ 0,00;;;;;;;;;;;;;;;;
7;8;2024;;;;;;0;;;;0;;;;;;;;;;R$ 0,00;;;;;;;;;;;;;;;;
8;8;2024;;;;;;0;;;;0;;;;;;;;;;R$ 0,00;;;;;;;;;;;;;;;;
9;8;2024;;;;;;0;;;;0;;;;;;;;;;R$ 0,00;;;;;;;;;;;;;;;;
10;8;2024;;;;;;0;;;;0;;;;;;;;;;R$ 0,00;;;;;;;;;;;;;;;;
11;8;2024;;;;;;0;;;;0;;;;;;;;;;R$ 0,00;;;;;;;;;;;;;;;;
12;8;2024;;;;;;0;;;;0;;;;;;;;;;R$ 0,00;;;;;;;;;;;;;;;;
13;8;2024;;;;;;0;;;;0;;;;;;;;;;R$ 0,00;;;;;;;;;;;;;;;;
14;8;2024;;;;;;0;;;;0;;;;;;;;;;R$ 0,00;;;;;;;;;;;;;;;;
15;8;2024;;;;;;0;;;;0;;;;;;;;;;R$ 0,00;;;;;;;;;;;;;;;;
16;8;2024;;;;;;0;;;;0;;;;;;;;;;R$ 0,00;;;;;;;;;;;;;;;;
17;8;2024;;;;;;0;;;;0;;;;;;;;;;R$ 0,00;;;;;;;;;;;;;;;;
18;8;2024;;;;;;0;;;;0;;;;;;;;;;R$ 0,00;;;;;;;;;;;;;;;;
19;8;2024;;;;;;0;;;;0;;;;;;;;;;R$ 0,00;;;;;;;;;;;;;;;;
20;8;2024;;;;;;0;;;;0;;;;;;;;;;R$ 0,00;;;;;;;;;;;;;;;;
21;8;2024;;;;;;0;;;;0;;;;;;;;;;R$ 0,00;;;;;;;;;;;;;;;;
22;8;2024;;;;;;0;;;;0;;;;;;;;;;R$ 0,00;;;;;;;;;;;;;;;;
23;8;2024;;;;;;0;;;;0;;;;;;;;;;R$ 0,00;;;;;;;;;;;;;;;;
24;8;2024;;;;;;0;;;;0;;;;;;;;;;R$ 0,00;;;;;;;;;;;;;;;;
25;8;2024;;;;;;0;;;;0;;;;;;;;;;R$ 0,00;;;;;;;;;;;;;;;;
26;8;2024;;;;;;0;;;;0;;;;;;;;;;R$ 0,00;;;;;;;;;;;;;;;;
27;8;2024;;;;;;0;;;;0;;;;;;;;;;R$ 0,00;;;;;;;;;;;;;;;;
28;8;2024;;;;;;0;;;;0;;;;;;;;;;R$ 0,00;;;;;;;;;;;;;;;;
29;8;2024;;;;;;0;;;;0;;;;;;;;;;R$ 0,00;;;;;;;;;;;;;;;;
30;8;2024;;;;;;0;;;;0;;;;;;;;;;R$ 0,00;;;;;;;;;;;;;;;;
31;8;2024;;;;;;0;;;;0;;;;;;;;;;R$ 0,00;;;;;;;;;;;;;;;;
AGOSTO;;;R$ 0,00;369;0,27%;1;0,00%;0;100,00%;1;0,00%;0;100,00%;1;100%;1;R$ 0,00;R$ 0,00;R$ 0,00;R$ 0,00;R$ 0,00;R$ 0,00;0;0;0;0;0;0;0;0;;;;;;;;
1;9;2024;R$ 0,00;;;1;0,00%;0;100,00%;1;0,00%;0;100,00%;1;100%;1;R$ 0,00;R$ 0,00;R$ 0,00;R$ 0,00;R$ 0,00;R$ 0,00;;;;;;;;;;;;;;;;
2;9;2024;R$ 0,00;;;1;0,00%;0;100,00%;1;0,00%;0;100,00%;1;100%;1;R$ 0,00;R$ 0,00;R$ 0,00;R$ 0,00;R$ 0,00;R$ 0,00;;;;;;;;;;;;;;;;
3;9;2024;R$ 0,00;;;1;0,00%;0;100,00%;1;0,00%;0;100,00%;1;100%;1;R$ 0,00;R$ 0,00;R$ 0,00;R$ 0,00;R$ 0,00;R$ 0,00;;;;;;;;;;;;;;;;
4;9;2024;R$ 0,00;;;1;0,00%;0;100,00%;1;0,00%;0;100,00%;1;100%;1;R$ 0,00;R$ 0,00;R$ 0,00;R$ 0,00;R$ 0,00;R$ 0,00;;;;;;;;;;;;;;;;
5;9;2024;R$ 0,00;;;1;0,00%;0;100,00%;1;0,00%;0;100,00%;1;100%;1;R$ 0,00;R$ 0,00;R$ 0,00;R$ 0,00;R$ 0,00;R$ 0,00;;;;;;;;;;;;;;;;
6;9;2024;R$ 0,00;;;1;0,00%;0;100,00%;1;0,00%;0;100,00%;1;100%;1;R$ 0,00;R$ 0,00;R$ 0,00;R$ 0,00;R$ 0,00;R$ 0,00;;;;;;;;;;;;;;;;
7;9;2024;R$ 0,00;;;1;0,00%;0;100,00%;1;0,00%;0;100,00%;1;100%;1;R$ 0,00;R$ 0,00;R$ 0,00;R$ 0,00;R$ 0,00;R$ 0,00;;;;;;;;;;;;;;;;
8;9;2024;R$ 0,00;;;1;0,00%;0;100,00%;1;0,00%;0;100,00%;1;100%;1;R$ 0,00;R$ 0,00;R$ 0,00;R$ 0,00;R$ 0,00;R$ 0,00;;;;;;;;;;;;;;;;
9;9;2024;R$ 0,00;;;1;0,00%;0;100,00%;1;0,00%;0;100,00%;1;100%;1;R$ 0,00;R$ 0,00;R$ 0,00;R$ 0,00;R$ 0,00;R$ 0,00;;;;;;;;;;;;;;;;
10;9;2024;R$ 0,00;;;1;0,00%;0;100,00%;1;0,00%;0;100,00%;1;100%;1;R$ 0,00;R$ 0,00;R$ 0,00;R$ 0,00;R$ 0,00;R$ 0,00;;;;;;;;;;;;;;;;
11;9;2024;R$ 0,00;;;1;0,00%;0;100,00%;1;0,00%;0;100,00%;1;100%;1;R$ 0,00;R$ 0,00;R$ 0,00;R$ 0,00;R$ 0,00;R$ 0,00;;;;;;;;;;;;;;;;
12;9;2024;R$ 0,00;;;1;0,00%;0;100,00%;1;0,00%;0;100,00%;1;100%;1;R$ 0,00;R$ 0,00;R$ 0,00;R$ 0,00;R$ 0,00;R$ 0,00;;;;;;;;;;;;;;;;
13;9;2024;R$ 0,00;;;1;0,00%;0;100,00%;1;0,00%;0;100,00%;1;100%;1;R$ 0,00;R$ 0,00;R$ 0,00;R$ 0,00;R$ 0,00;R$ 0,00;;;;;;;;;;;;;;;;
14;9;2024;R$ 0,00;;;1;0,00%;0;100,00%;1;0,00%;0;100,00%;1;100%;1;R$ 0,00;R$ 0,00;R$ 0,00;R$ 0,00;R$ 0,00;R$ 0,00;;;;;;;;;;;;;;;;
15;9;2024;R$ 0,00;;;1;0,00%;0;100,00%;1;0,00%;0;100,00%;1;100%;1;R$ 0,00;R$ 0,00;R$ 0,00;R$ 0,00;R$ 0,00;R$ 0,00;;;;;;;;;;;;;;;;
16;9;2024;R$ 0,00;;;1;0,00%;0;100,00%;1;0,00%;0;100,00%;1;100%;1;R$ 0,00;R$ 0,00;R$ 0,00;R$ 0,00;R$ 0,00;R$ 0,00;;;;;;;;;;;;;;;;
17;9;2024;R$ 0,00;;;1;0,00%;0;100,00%;1;0,00%;0;100,00%;1;100%;1;R$ 0,00;R$ 0,00;R$ 0,00;R$ 0,00;R$ 0,00;R$ 0,00;;;;;;;;;;;;;;;;
18;9;2024;R$ 0,00;;;1;0,00%;0;100,00%;1;0,00%;0;100,00%;1;100%;1;R$ 0,00;R$ 0,00;R$ 0,00;R$ 0,00;R$ 0,00;R$ 0,00;;;;;;;;;;;;;;;;
19;9;2024;R$ 0,00;;;1;0,00%;0;100,00%;1;0,00%;0;100,00%;1;100%;1;R$ 0,00;R$ 0,00;R$ 0,00;R$ 0,00;R$ 0,00;R$ 0,00;;;;;;;;;;;;;;;;
20;9;2024;R$ 0,00;;;1;0,00%;0;100,00%;1;0,00%;0;100,00%;1;100%;1;R$ 0,00;R$ 0,00;R$ 0,00;R$ 0,00;R$ 0,00;R$ 0,00;;;;;;;;;;;;;;;;
21;9;2024;R$ 0,00;;;1;0,00%;0;100,00%;1;0,00%;0;100,00%;1;100%;1;R$ 0,00;R$ 0,00;R$ 0,00;R$ 0,00;R$ 0,00;R$ 0,00;;;;;;;;;;;;;;;;
22;9;2024;R$ 0,00;;;1;0,00%;0;100,00%;1;0,00%;0;100,00%;1;100%;1;R$ 0,00;R$ 0,00;R$ 0,00;R$ 0,00;R$ 0,00;R$ 0,00;;;;;;;;;;;;;;;;
23;9;2024;R$ 0,00;;;1;0,00%;0;100,00%;1;0,00%;0;100,00%;1;100%;1;R$ 0,00;R$ 0,00;R$ 0,00;R$ 0,00;R$ 0,00;R$ 0,00;;;;;;;;;;;;;;;;
24;9;2024;R$ 0,00;;;1;0,00%;0;100,00%;1;0,00%;0;100,00%;1;100%;1;R$ 0,00;R$ 0,00;R$ 0,00;R$ 0,00;R$ 0,00;R$ 0,00;;;;;;;;;;;;;;;;
25;9;2024;R$ 0,00;;;1;0,00%;0;100,00%;1;0,00%;0;100,00%;1;100%;1;R$ 0,00;R$ 0,00;R$ 0,00;R$ 0,00;R$ 0,00;R$ 0,00;;;;;;;;;;;;;;;;
26;9;2024;R$ 0,00;;;1;0,00%;0;100,00%;1;0,00%;0;100,00%;1;100%;1;R$ 0,00;R$ 0,00;R$ 0,00;R$ 0,00;R$ 0,00;R$ 0,00;;;;;;;;;;;;;;;;
27;9;2024;R$ 0,00;;;1;0,00%;0;100,00%;1;0,00%;0;100,00%;1;100%;1;R$ 0,00;R$ 0,00;R$ 0,00;R$ 0,00;R$ 0,00;R$ 0,00;;;;;;;;;;;;;;;;
28;9;2024;R$ 0,00;;;1;0,00%;0;100,00%;1;0,00%;0;100,00%;1;100%;1;R$ 0,00;R$ 0,00;R$ 0,00;R$ 0,00;R$ 0,00;R$ 0,00;;;;;;;;;;;;;;;;
29;9;2024;R$ 0,00;;;1;0,00%;0;100,00%;1;0,00%;0;100,00%;1;100%;1;R$ 0,00;R$ 0,00;R$ 0,00;R$ 0,00;R$ 0,00;R$ 0,00;;;;;;;;;;;;;;;;
30;9;2024;R$ 0,00;;;1;0,00%;0;100,00%;1;0,00%;0;100,00%;1;100%;1;R$ 0,00;R$ 0,00;R$ 0,00;R$ 0,00;R$ 0,00;R$ 0,00;;;;;;;;;;;;;;;;
31;9;2024;R$ 0,00;;;1;0,00%;0;100,00%;1;0,00%;0;100,00%;1;100%;1;R$ 0,00;R$ 0,00;R$ 0,00;R$ 0,00;R$ 0,00;R$ 0,00;;;;;;;;;;;;;;;;
SETEMBRO;;;R$ 0,00;0;;1;0,00%;0;100,00%;1;0,00%;0;100,00%;1;100%;1;R$ 0,00;R$ 0,00;R$ 0,00;R$ 0,00;R$ 0,00;R$ 0,00;0;0;0;0;0;0;0;0;;;;;;;;
1;10;2024;R$ 0,00;;;1;0,00%;0;100,00%;1;0,00%;0;100,00%;1;100%;1;R$ 0,00;R$ 0,00;R$ 0,00;R$ 0,00;R$ 0,00;R$ 0,00;;;;;;;;;;;;;;;;
2;10;2024;R$ 0,00;;;1;0,00%;0;100,00%;1;0,00%;0;100,00%;1;100%;1;R$ 0,00;R$ 0,00;R$ 0,00;R$ 0,00;R$ 0,00;R$ 0,00;;;;;;;;;;;;;;;;
3;10;2024;R$ 0,00;;;1;0,00%;0;100,00%;1;0,00%;0;100,00%;1;100%;1;R$ 0,00;R$ 0,00;R$ 0,00;R$ 0,00;R$ 0,00;R$ 0,00;;;;;;;;;;;;;;;;
4;10;2024;R$ 0,00;;;1;0,00%;0;100,00%;1;0,00%;0;100,00%;1;100%;1;R$ 0,00;R$ 0,00;R$ 0,00;R$ 0,00;R$ 0,00;R$ 0,00;;;;;;;;;;;;;;;;
5;10;2024;R$ 0,00;;;1;0,00%;0;100,00%;1;0,00%;0;100,00%;1;100%;1;R$ 0,00;R$ 0,00;R$ 0,00;R$ 0,00;R$ 0,00;R$ 0,00;;;;;;;;;;;;;;;;
6;10;2024;R$ 0,00;;;1;0,00%;0;100,00%;1;0,00%;0;100,00%;1;100%;1;R$ 0,00;R$ 0,00;R$ 0,00;R$ 0,00;R$ 0,00;R$ 0,00;;;;;;;;;;;;;;;;
7;10;2024;R$ 0,00;;;1;0,00%;0;100,00%;1;0,00%;0;100,00%;1;100%;1;R$ 0,00;R$ 0,00;R$ 0,00;R$ 0,00;R$ 0,00;R$ 0,00;;;;;;;;;;;;;;;;
8;10;2024;R$ 0,00;;;1;0,00%;0;100,00%;1;0,00%;0;100,00%;1;100%;1;R$ 0,00;R$ 0,00;R$ 0,00;R$ 0,00;R$ 0,00;R$ 0,00;;;;;;;;;;;;;;;;
9;10;2024;R$ 0,00;;;1;0,00%;0;100,00%;1;0,00%;0;100,00%;1;100%;1;R$ 0,00;R$ 0,00;R$ 0,00;R$ 0,00;R$ 0,00;R$ 0,00;;;;;;;;;;;;;;;;
10;10;2024;R$ 0,00;;;1;0,00%;0;100,00%;1;0,00%;0;100,00%;1;100%;1;R$ 0,00;R$ 0,00;R$ 0,00;R$ 0,00;R$ 0,00;R$ 0,00;;;;;;;;;;;;;;;;
11;10;2024;R$ 0,00;;;1;0,00%;0;100,00%;1;0,00%;0;100,00%;1;100%;1;R$ 0,00;R$ 0,00;R$ 0,00;R$ 0,00;R$ 0,00;R$ 0,00;;;;;;;;;;;;;;;;
12;10;2024;R$ 0,00;;;1;0,00%;0;100,00%;1;0,00%;0;100,00%;1;100%;1;R$ 0,00;R$ 0,00;R$ 0,00;R$ 0,00;R$ 0,00;R$ 0,00;;;;;;;;;;;;;;;;
13;10;2024;R$ 0,00;;;1;0,00%;0;100,00%;1;0,00%;0;100,00%;1;100%;1;R$ 0,00;R$ 0,00;R$ 0,00;R$ 0,00;R$ 0,00;R$ 0,00;;;;;;;;;;;;;;;;
14;10;2024;R$ 0,00;;;1;0,00%;0;100,00%;1;0,00%;0;100,00%;1;100%;1;R$ 0,00;R$ 0,00;R$ 0,00;R$ 0,00;R$ 0,00;R$ 0,00;;;;;;;;;;;;;;;;
15;10;2024;R$ 0,00;;;1;0,00%;0;100,00%;1;0,00%;0;100,00%;1;100%;1;R$ 0,00;R$ 0,00;R$ 0,00;R$ 0,00;R$ 0,00;R$ 0,00;;;;;;;;;;;;;;;;
16;10;2024;R$ 0,00;;;1;0,00%;0;100,00%;1;0,00%;0;100,00%;1;100%;1;R$ 0,00;R$ 0,00;R$ 0,00;R$ 0,00;R$ 0,00;R$ 0,00;;;;;;;;;;;;;;;;
17;10;2024;R$ 0,00;;;1;0,00%;0;100,00%;1;0,00%;0;100,00%;1;100%;1;R$ 0,00;R$ 0,00;R$ 0,00;R$ 0,00;R$ 0,00;R$ 0,00;;;;;;;;;;;;;;;;
18;10;2024;R$ 0,00;;;1;0,00%;0;100,00%;1;0,00%;0;100,00%;1;100%;1;R$ 0,00;R$ 0,00;R$ 0,00;R$ 0,00;R$ 0,00;R$ 0,00;;;;;;;;;;;;;;;;
19;10;2024;R$ 0,00;;;1;0,00%;0;100,00%;1;0,00%;0;100,00%;1;100%;1;R$ 0,00;R$ 0,00;R$ 0,00;R$ 0,00;R$ 0,00;R$ 0,00;;;;;;;;;;;;;;;;
20;10;2024;R$ 0,00;;;1;0,00%;0;100,00%;1;0,00%;0;100,00%;1;100%;1;R$ 0,00;R$ 0,00;R$ 0,00;R$ 0,00;R$ 0,00;R$ 0,00;;;;;;;;;;;;;;;;
21;10;2024;R$ 0,00;;;1;0,00%;0;100,00%;1;0,00%;0;100,00%;1;100%;1;R$ 0,00;R$ 0,00;R$ 0,00;R$ 0,00;R$ 0,00;R$ 0,00;;;;;;;;;;;;;;;;
22;10;2024;R$ 0,00;;;1;0,00%;0;100,00%;1;0,00%;0;100,00%;1;100%;1;R$ 0,00;R$ 0,00;R$ 0,00;R$ 0,00;R$ 0,00;R$ 0,00;;;;;;;;;;;;;;;;
23;10;2024;R$ 0,00;;;1;0,00%;0;100,00%;1;0,00%;0;100,00%;1;100%;1;R$ 0,00;R$ 0,00;R$ 0,00;R$ 0,00;R$ 0,00;R$ 0,00;;;;;;;;;;;;;;;;
24;10;2024;R$ 0,00;;;1;0,00%;0;100,00%;1;0,00%;0;100,00%;1;100%;1;R$ 0,00;R$ 0,00;R$ 0,00;R$ 0,00;R$ 0,00;R$ 0,00;;;;;;;;;;;;;;;;
25;10;2024;R$ 0,00;;;1;0,00%;0;100,00%;1;0,00%;0;100,00%;1;100%;1;R$ 0,00;R$ 0,00;R$ 0,00;R$ 0,00;R$ 0,00;R$ 0,00;;;;;;;;;;;;;;;;
26;10;2024;R$ 0,00;;;1;0,00%;0;100,00%;1;0,00%;0;100,00%;1;100%;1;R$ 0,00;R$ 0,00;R$ 0,00;R$ 0,00;R$ 0,00;R$ 0,00;;;;;;;;;;;;;;;;
27;10;2024;R$ 0,00;;;1;0,00%;0;100,00%;1;0,00%;0;100,00%;1;100%;1;R$ 0,00;R$ 0,00;R$ 0,00;R$ 0,00;R$ 0,00;R$ 0,00;;;;;;;;;;;;;;;;
28;10;2024;R$ 0,00;;;1;0,00%;0;100,00%;1;0,00%;0;100,00%;1;100%;1;R$ 0,00;R$ 0,00;R$ 0,00;R$ 0,00;R$ 0,00;R$ 0,00;;;;;;;;;;;;;;;;
29;10;2024;R$ 0,00;;;1;0,00%;0;100,00%;1;0,00%;0;100,00%;1;100%;1;R$ 0,00;R$ 0,00;R$ 0,00;R$ 0,00;R$ 0,00;R$ 0,00;;;;;;;;;;;;;;;;
30;10;2024;R$ 0,00;;;1;0,00%;0;100,00%;1;0,00%;0;100,00%;1;100%;1;R$ 0,00;R$ 0,00;R$ 0,00;R$ 0,00;R$ 0,00;R$ 0,00;;;;;;;;;;;;;;;;
31;10;2024;R$ 0,00;;;1;0,00%;0;100,00%;1;0,00%;0;100,00%;1;100%;1;R$ 0,00;R$ 0,00;R$ 0,00;R$ 0,00;R$ 0,00;R$ 0,00;;;;;;;;;;;;;;;;
OUTUBRO;;;R$ 0,00;0;;1;0,00%;0;100,00%;1;0,00%;0;100,00%;1;100%;1;R$ 0,00;R$ 0,00;R$ 0,00;R$ 0,00;R$ 0,00;R$ 0,00;0;0;0;0;0;0;0;0;;;;;;;;
1;11;2024;R$ 0,00;;;1;0,00%;0;100,00%;1;0,00%;0;100,00%;1;100%;1;R$ 0,00;R$ 0,00;R$ 0,00;R$ 0,00;R$ 0,00;R$ 0,00;;;;;;;;;;;;;;;;
2;11;2024;R$ 0,00;;;1;0,00%;0;100,00%;1;0,00%;0;100,00%;1;100%;1;R$ 0,00;R$ 0,00;R$ 0,00;R$ 0,00;R$ 0,00;R$ 0,00;;;;;;;;;;;;;;;;
3;11;2024;R$ 0,00;;;1;0,00%;0;100,00%;1;0,00%;0;100,00%;1;100%;1;R$ 0,00;R$ 0,00;R$ 0,00;R$ 0,00;R$ 0,00;R$ 0,00;;;;;;;;;;;;;;;;
4;11;2024;R$ 0,00;;;1;0,00%;0;100,00%;1;0,00%;0;100,00%;1;100%;1;R$ 0,00;R$ 0,00;R$ 0,00;R$ 0,00;R$ 0,00;R$ 0,00;;;;;;;;;;;;;;;;
5;11;2024;R$ 0,00;;;1;0,00%;0;100,00%;1;0,00%;0;100,00%;1;100%;1;R$ 0,00;R$ 0,00;R$ 0,00;R$ 0,00;R$ 0,00;R$ 0,00;;;;;;;;;;;;;;;;
6;11;2024;R$ 0,00;;;1;0,00%;0;100,00%;1;0,00%;0;100,00%;1;100%;1;R$ 0,00;R$ 0,00;R$ 0,00;R$ 0,00;R$ 0,00;R$ 0,00;;;;;;;;;;;;;;;;
7;11;2024;R$ 0,00;;;1;0,00%;0;100,00%;1;0,00%;0;100,00%;1;100%;1;R$ 0,00;R$ 0,00;R$ 0,00;R$ 0,00;R$ 0,00;R$ 0,00;;;;;;;;;;;;;;;;
8;11;2024;R$ 0,00;;;1;0,00%;0;100,00%;1;0,00%;0;100,00%;1;100%;1;R$ 0,00;R$ 0,00;R$ 0,00;R$ 0,00;R$ 0,00;R$ 0,00;;;;;;;;;;;;;;;;
9;11;2024;R$ 0,00;;;1;0,00%;0;100,00%;1;0,00%;0;100,00%;1;100%;1;R$ 0,00;R$ 0,00;R$ 0,00;R$ 0,00;R$ 0,00;R$ 0,00;;;;;;;;;;;;;;;;
10;11;2024;R$ 0,00;;;1;0,00%;0;100,00%;1;0,00%;0;100,00%;1;100%;1;R$ 0,00;R$ 0,00;R$ 0,00;R$ 0,00;R$ 0,00;R$ 0,00;;;;;;;;;;;;;;;;
11;11;2024;R$ 0,00;;;1;0,00%;0;100,00%;1;0,00%;0;100,00%;1;100%;1;R$ 0,00;R$ 0,00;R$ 0,00;R$ 0,00;R$ 0,00;R$ 0,00;;;;;;;;;;;;;;;;
12;11;2024;R$ 0,00;;;1;0,00%;0;100,00%;1;0,00%;0;100,00%;1;100%;1;R$ 0,00;R$ 0,00;R$ 0,00;R$ 0,00;R$ 0,00;R$ 0,00;;;;;;;;;;;;;;;;
13;11;2024;R$ 0,00;;;1;0,00%;0;100,00%;1;0,00%;0;100,00%;1;100%;1;R$ 0,00;R$ 0,00;R$ 0,00;R$ 0,00;R$ 0,00;R$ 0,00;;;;;;;;;;;;;;;;
14;11;2024;R$ 0,00;;;1;0,00%;0;100,00%;1;0,00%;0;100,00%;1;100%;1;R$ 0,00;R$ 0,00;R$ 0,00;R$ 0,00;R$ 0,00;R$ 0,00;;;;;;;;;;;;;;;;
15;11;2024;R$ 0,00;;;1;0,00%;0;100,00%;1;0,00%;0;100,00%;1;100%;1;R$ 0,00;R$ 0,00;R$ 0,00;R$ 0,00;R$ 0,00;R$ 0,00;;;;;;;;;;;;;;;;
16;11;2024;R$ 0,00;;;1;0,00%;0;100,00%;1;0,00%;0;100,00%;1;100%;1;R$ 0,00;R$ 0,00;R$ 0,00;R$ 0,00;R$ 0,00;R$ 0,00;;;;;;;;;;;;;;;;
17;11;2024;R$ 0,00;;;1;0,00%;0;100,00%;1;0,00%;0;100,00%;1;100%;1;R$ 0,00;R$ 0,00;R$ 0,00;R$ 0,00;R$ 0,00;R$ 0,00;;;;;;;;;;;;;;;;
18;11;2024;R$ 0,00;;;1;0,00%;0;100,00%;1;0,00%;0;100,00%;1;100%;1;R$ 0,00;R$ 0,00;R$ 0,00;R$ 0,00;R$ 0,00;R$ 0,00;;;;;;;;;;;;;;;;
19;11;2024;R$ 0,00;;;1;0,00%;0;100,00%;1;0,00%;0;100,00%;1;100%;1;R$ 0,00;R$ 0,00;R$ 0,00;R$ 0,00;R$ 0,00;R$ 0,00;;;;;;;;;;;;;;;;
20;11;2024;R$ 0,00;;;1;0,00%;0;100,00%;1;0,00%;0;100,00%;1;100%;1;R$ 0,00;R$ 0,00;R$ 0,00;R$ 0,00;R$ 0,00;R$ 0,00;;;;;;;;;;;;;;;;
21;11;2024;R$ 0,00;;;1;0,00%;0;100,00%;1;0,00%;0;100,00%;1;100%;1;R$ 0,00;R$ 0,00;R$ 0,00;R$ 0,00;R$ 0,00;R$ 0,00;;;;;;;;;;;;;;;;
22;11;2024;R$ 0,00;;;1;0,00%;0;100,00%;1;0,00%;0;100,00%;1;100%;1;R$ 0,00;R$ 0,00;R$ 0,00;R$ 0,00;R$ 0,00;R$ 0,00;;;;;;;;;;;;;;;;
23;11;2024;R$ 0,00;;;1;0,00%;0;100,00%;1;0,00%;0;100,00%;1;100%;1;R$ 0,00;R$ 0,00;R$ 0,00;R$ 0,00;R$ 0,00;R$ 0,00;;;;;;;;;;;;;;;;
24;11;2024;R$ 0,00;;;1;0,00%;0;100,00%;1;0,00%;0;100,00%;1;100%;1;R$ 0,00;R$ 0,00;R$ 0,00;R$ 0,00;R$ 0,00;R$ 0,00;;;;;;;;;;;;;;;;
25;11;2024;R$ 0,00;;;1;0,00%;0;100,00%;1;0,00%;0;100,00%;1;100%;1;R$ 0,00;R$ 0,00;R$ 0,00;R$ 0,00;R$ 0,00;R$ 0,00;;;;;;;;;;;;;;;;
26;11;2024;R$ 0,00;;;1;0,00%;0;100,00%;1;0,00%;0;100,00%;1;100%;1;R$ 0,00;R$ 0,00;R$ 0,00;R$ 0,00;R$ 0,00;R$ 0,00;;;;;;;;;;;;;;;;
27;11;2024;R$ 0,00;;;1;0,00%;0;100,00%;1;0,00%;0;100,00%;1;100%;1;R$ 0,00;R$ 0,00;R$ 0,00;R$ 0,00;R$ 0,00;R$ 0,00;;;;;;;;;;;;;;;;
28;11;2024;R$ 0,00;;;1;0,00%;0;100,00%;1;0,00%;0;100,00%;1;100%;1;R$ 0,00;R$ 0,00;R$ 0,00;R$ 0,00;R$ 0,00;R$ 0,00;;;;;;;;;;;;;;;;
29;11;2024;R$ 0,00;;;1;0,00%;0;100,00%;1;0,00%;0;100,00%;1;100%;1;R$ 0,00;R$ 0,00;R$ 0,00;R$ 0,00;R$ 0,00;R$ 0,00;;;;;;;;;;;;;;;;
30;11;2024;R$ 0,00;;;1;0,00%;0;100,00%;1;0,00%;0;100,00%;1;100%;1;R$ 0,00;R$ 0,00;R$ 0,00;R$ 0,00;R$ 0,00;R$ 0,00;;;;;;;;;;;;;;;;
31;11;2024;R$ 0,00;;;1;0,00%;0;100,00%;1;0,00%;0;100,00%;1;100%;1;R$ 0,00;R$ 0,00;R$ 0,00;R$ 0,00;R$ 0,00;R$ 0,00;;;;;;;;;;;;;;;;
NOVEMBRO;;;R$ 0,00;0;;1;0,00%;0;100,00%;1;0,00%;0;100,00%;1;100%;1;R$ 0,00;R$ 0,00;R$ 0,00;R$ 0,00;R$ 0,00;R$ 0,00;0;0;0;0;0;0;0;0;;;;;;;;
1;12;2024;R$ 0,00;;;1;0,00%;0;100,00%;1;0,00%;0;100,00%;1;100%;1;R$ 0,00;R$ 0,00;R$ 0,00;R$ 0,00;R$ 0,00;R$ 0,00;;;;;;;;;;;;;;;;
2;12;2024;R$ 0,00;;;1;0,00%;0;100,00%;1;0,00%;0;100,00%;1;100%;1;R$ 0,00;R$ 0,00;R$ 0,00;R$ 0,00;R$ 0,00;R$ 0,00;;;;;;;;;;;;;;;;
3;12;2024;R$ 0,00;;;1;0,00%;0;100,00%;1;0,00%;0;100,00%;1;100%;1;R$ 0,00;R$ 0,00;R$ 0,00;R$ 0,00;R$ 0,00;R$ 0,00;;;;;;;;;;;;;;;;
4;12;2024;R$ 0,00;;;1;0,00%;0;100,00%;1;0,00%;0;100,00%;1;100%;1;R$ 0,00;R$ 0,00;R$ 0,00;R$ 0,00;R$ 0,00;R$ 0,00;;;;;;;;;;;;;;;;
5;12;2024;R$ 0,00;;;1;0,00%;0;100,00%;1;0,00%;0;100,00%;1;100%;1;R$ 0,00;R$ 0,00;R$ 0,00;R$ 0,00;R$ 0,00;R$ 0,00;;;;;;;;;;;;;;;;
6;12;2024;R$ 0,00;;;1;0,00%;0;100,00%;1;0,00%;0;100,00%;1;100%;1;R$ 0,00;R$ 0,00;R$ 0,00;R$ 0,00;R$ 0,00;R$ 0,00;;;;;;;;;;;;;;;;
7;12;2024;R$ 0,00;;;1;0,00%;0;100,00%;1;0,00%;0;100,00%;1;100%;1;R$ 0,00;R$ 0,00;R$ 0,00;R$ 0,00;R$ 0,00;R$ 0,00;;;;;;;;;;;;;;;;
8;12;2024;R$ 0,00;;;1;0,00%;0;100,00%;1;0,00%;0;100,00%;1;100%;1;R$ 0,00;R$ 0,00;R$ 0,00;R$ 0,00;R$ 0,00;R$ 0,00;;;;;;;;;;;;;;;;
9;12;2024;R$ 0,00;;;1;0,00%;0;100,00%;1;0,00%;0;100,00%;1;100%;1;R$ 0,00;R$ 0,00;R$ 0,00;R$ 0,00;R$ 0,00;R$ 0,00;;;;;;;;;;;;;;;;
10;12;2024;R$ 0,00;;;1;0,00%;0;100,00%;1;0,00%;0;100,00%;1;100%;1;R$ 0,00;R$ 0,00;R$ 0,00;R$ 0,00;R$ 0,00;R$ 0,00;;;;;;;;;;;;;;;;
11;12;2024;R$ 0,00;;;1;0,00%;0;100,00%;1;0,00%;0;100,00%;1;100%;1;R$ 0,00;R$ 0,00;R$ 0,00;R$ 0,00;R$ 0,00;R$ 0,00;;;;;;;;;;;;;;;;
12;12;2024;R$ 0,00;;;1;0,00%;0;100,00%;1;0,00%;0;100,00%;1;100%;1;R$ 0,00;R$ 0,00;R$ 0,00;R$ 0,00;R$ 0,00;R$ 0,00;;;;;;;;;;;;;;;;
13;12;2024;R$ 0,00;;;1;0,00%;0;100,00%;1;0,00%;0;100,00%;1;100%;1;R$ 0,00;R$ 0,00;R$ 0,00;R$ 0,00;R$ 0,00;R$ 0,00;;;;;;;;;;;;;;;;
14;12;2024;R$ 0,00;;;1;0,00%;0;100,00%;1;0,00%;0;100,00%;1;100%;1;R$ 0,00;R$ 0,00;R$ 0,00;R$ 0,00;R$ 0,00;R$ 0,00;;;;;;;;;;;;;;;;
15;12;2024;R$ 0,00;;;1;0,00%;0;100,00%;1;0,00%;0;100,00%;1;100%;1;R$ 0,00;R$ 0,00;R$ 0,00;R$ 0,00;R$ 0,00;R$ 0,00;;;;;;;;;;;;;;;;
16;12;2024;R$ 0,00;;;1;0,00%;0;100,00%;1;0,00%;0;100,00%;1;100%;1;R$ 0,00;R$ 0,00;R$ 0,00;R$ 0,00;R$ 0,00;R$ 0,00;;;;;;;;;;;;;;;;
17;12;2024;R$ 0,00;;;1;0,00%;0;100,00%;1;0,00%;0;100,00%;1;100%;1;R$ 0,00;R$ 0,00;R$ 0,00;R$ 0,00;R$ 0,00;R$ 0,00;;;;;;;;;;;;;;;;
18;12;2024;R$ 0,00;;;1;0,00%;0;100,00%;1;0,00%;0;100,00%;1;100%;1;R$ 0,00;R$ 0,00;R$ 0,00;R$ 0,00;R$ 0,00;R$ 0,00;;;;;;;;;;;;;;;;
19;12;2024;R$ 0,00;;;1;0,00%;0;100,00%;1;0,00%;0;100,00%;1;100%;1;R$ 0,00;R$ 0,00;R$ 0,00;R$ 0,00;R$ 0,00;R$ 0,00;;;;;;;;;;;;;;;;
20;12;2024;R$ 0,00;;;1;0,00%;0;100,00%;1;0,00%;0;100,00%;1;100%;1;R$ 0,00;R$ 0,00;R$ 0,00;R$ 0,00;R$ 0,00;R$ 0,00;;;;;;;;;;;;;;;;
21;12;2024;R$ 0,00;;;1;0,00%;0;100,00%;1;0,00%;0;100,00%;1;100%;1;R$ 0,00;R$ 0,00;R$ 0,00;R$ 0,00;R$ 0,00;R$ 0,00;;;;;;;;;;;;;;;;
22;12;2024;R$ 0,00;;;1;0,00%;0;100,00%;1;0,00%;0;100,00%;1;100%;1;R$ 0,00;R$ 0,00;R$ 0,00;R$ 0,00;R$ 0,00;R$ 0,00;;;;;;;;;;;;;;;;
23;12;2024;R$ 0,00;;;1;0,00%;0;100,00%;1;0,00%;0;100,00%;1;100%;1;R$ 0,00;R$ 0,00;R$ 0,00;R$ 0,00;R$ 0,00;R$ 0,00;;;;;;;;;;;;;;;;
24;12;2024;R$ 0,00;;;1;0,00%;0;100,00%;1;0,00%;0;100,00%;1;100%;1;R$ 0,00;R$ 0,00;R$ 0,00;R$ 0,00;R$ 0,00;R$ 0,00;;;;;;;;;;;;;;;;
25;12;2024;R$ 0,00;;;1;0,00%;0;100,00%;1;0,00%;0;100,00%;1;100%;1;R$ 0,00;R$ 0,00;R$ 0,00;R$ 0,00;R$ 0,00;R$ 0,00;;;;;;;;;;;;;;;;
26;12;2024;R$ 0,00;;;1;0,00%;0;100,00%;1;0,00%;0;100,00%;1;100%;1;R$ 0,00;R$ 0,00;R$ 0,00;R$ 0,00;R$ 0,00;R$ 0,00;;;;;;;;;;;;;;;;
27;12;2024;R$ 0,00;;;1;0,00%;0;100,00%;1;0,00%;0;100,00%;1;100%;1;R$ 0,00;R$ 0,00;R$ 0,00;R$ 0,00;R$ 0,00;R$ 0,00;;;;;;;;;;;;;;;;
28;12;2024;R$ 0,00;;;1;0,00%;0;100,00%;1;0,00%;0;100,00%;1;100%;1;R$ 0,00;R$ 0,00;R$ 0,00;R$ 0,00;R$ 0,00;R$ 0,00;;;;;;;;;;;;;;;;
29;12;2024;R$ 0,00;;;1;0,00%;0;100,00%;1;0,00%;0;100,00%;1;100%;1;R$ 0,00;R$ 0,00;R$ 0,00;R$ 0,00;R$ 0,00;R$ 0,00;;;;;;;;;;;;;;;;
30;12;2024;R$ 0,00;;;1;0,00%;0;100,00%;1;0,00%;0;100,00%;1;100%;1;R$ 0,00;R$ 0,00;R$ 0,00;R$ 0,00;R$ 0,00;R$ 0,00;;;;;;;;;;;;;;;;
31;12;2024;R$ 0,00;;;1;0,00%;0;100,00%;1;0,00%;0;100,00%;1;100%;1;R$ 0,00;R$ 0,00;R$ 0,00;R$ 0,00;R$ 0,00;R$ 0,00;;;;;;;;;;;;;;;;
DEZEMBRO;;;R$ 0,00;0;;1;0,00%;0;100,00%;1;0,00%;0;100,00%;1;100%;1;R$ 0,00;R$ 0,00;R$ 0,00;R$ 0,00;R$ 0,00;R$ 0,00;0;0;0;0;0;0;0;0;;;;;;;;
;;;;;;;;;;;;;;;;;;;;;;;;;;;;;;;;;;;;;;
;;;;;;;;;;;;;;;;;;;;;;;;;;;;;;;;;;;;;;
;;;;;;;;;;;;;;;;;;;;;;;;;;;;;;;;;;;;;;
;;;;;;;;;;;;;;;;;;;;;;;;;;;;;;;;;;;;;;
;;;;;;;;;;;;;;;;;;;;;;;;;;;;;;;;;;;;;;
;;;;;;;;;;;;;;;;;;;;;;;;;;;;;;;;;;;;;;
;;;;;;;;;;;;;;;;;;;;;;;;;;;;;;;;;;;;;;
;;;;;;;;;;;;;;;;;;;;;;;;;;;;;;;;;;;;;;
;;;;;;;;;;;;;;;;;;;;;;;;;;;;;;;;;;;;;;
;;;;;;;;;;;;;;;;;;;;;;;;;;;;;;;;;;;;;;
;;;;;;;;;;;;;;;;;;;;;;;;;;;;;;;;;;;;;;
;;;;;;;;;;;;;;;;;;;;;;;;;;;;;;;;;;;;;;
;;;;;;;;;;;;;;;;;;;;;;;;;;;;;;;;;;;;;;
;;;;;;;;;;;;;;;;;;;;;;;;;;;;;;;;;;;;;;
;;;;;;;;;;;;;;;;;;;;;;;;;;;;;;;;;;;;;;
;;;;;;;;;;;;;;;;;;;;;;;;;;;;;;;;;;;;;;
;;;;;;;;;;;;;;;;;;;;;;;;;;;;;;;;;;;;;;
;;;;;;;;;;;;;;;;;;;;;;;;;;;;;;;;;;;;;;
;;;;;;;;;;;;;;;;;;;;;;;;;;;;;;;;;;;;;;
;;;;;;;;;;;;;;;;;;;;;;;;;;;;;;;;;;;;;;
;;;;;;;;;;;;;;;;;;;;;;;;;;;;;;;;;;;;;;
;;;;;;;;;;;;;;;;;;;;;;;;;;;;;;;;;;;;;;
;;;;;;;;;;;;;;;;;;;;;;;;;;;;;;;;;;;;;;
;;;;;;;;;;;;;;;;;;;;;;;;;;;;;;;;;;;;;;
;;;;;;;;;;;;;;;;;;;;;;;;;;;;;;;;;;;;;;
;;;;;;;;;;;;;;;;;;;;;;;;;;;;;;;;;;;;;;
;;;;;;;;Valor investido ;;;;;;;;;;;;;;;;;;;;;;;;;;;;;;
;;;;;;;;2000;;;;;;;;;;;;;;;;;;;;;;;;;;;;;;
